filing_id,url,parent_company,company,client_name,lobbying_firm,is_self_filer,type,period,spending
A52E2912-0A1B-4CDB-8807-878C5C3F3C8F,https://lda.senate.gov/filings/public/filing/a52e2912-0a1b-4cdb-8807-878c5c3f3c8f/print/,,ACCENTURE,Accenture LLP,"The Nickles Group, LLC",FALSE,FIRST QUARTER REPORT,1st Quarter (Jan 1 - Mar 31),20000.0
7169825C-6B0C-4980-A309-30A6E60BD35E,https://lda.senate.gov/filings/public/filing/7169825c-6b0c-4980-a309-30a6e60bd35e/print/,,ACCENTURE,"Accenture, LLP",Monument Advocacy,FALSE,FIRST QUARTER REPORT,1st Quarter (Jan 1 - Mar 31),40000.0
8ED7E09A-D3B8-4915-B002-0AF269B2B8E9,https://lda.senate.gov/filings/public/filing/8ed7e09a-d3b8-4915-b002-0af269b2b8e9/print/,,ACCENTURE,Accenture,"Capitol Tax Partners, LLP",FALSE,FIRST QUARTER REPORT,1st Quarter (Jan 1 - Mar 31),70000.0
6CF8D10F-5E78-40E4-B313-B0A4AD7DB647,https://lda.senate.gov/filings/public/filing/6cf8d10f-5e78-40e4-b313-b0a4ad7db647/print/,,ACCENTURE,Accenture LLP,AKIN GUMP STRAUSS HAUER & FELD,FALSE,FIRST QUARTER REPORT,1st Quarter (Jan 1 - Mar 31),80000.0
11B45BB9-B3B3-40D8-9893-8CB911BA27EC,https://lda.senate.gov/filings/public/filing/11b45bb9-b3b3-40d8-9893-8cb911ba27ec/print/,,ACCENTURE,ACCENTURE LLP,The Duberstein Group Inc.,FALSE,FIRST QUARTER REPORT,1st Quarter (Jan 1 - Mar 31),100000.0
6DCE455E-8FCD-436A-8A57-34A0459547C0,https://lda.senate.gov/filings/public/filing/6dce455e-8fcd-436a-8a57-34a0459547c0/print/,,ACCENTURE,ACCENTURE LLP,"Accenture, LLP",TRUE,FIRST QUARTER REPORT,1st Quarter (Jan 1 - Mar 31),730000.0
ACB53BB8-0136-4768-990F-1260984C3CD3,https://lda.senate.gov/filings/public/filing/acb53bb8-0136-4768-990f-1260984c3cd3/print/,,ACCENTURE,Accenture LLP,"The Nickles Group, LLC",FALSE,SECOND QUARTER REPORT,2nd Quarter (Apr 1 - June 30),20000.0
78797B9C-DCD5-4DCB-A54D-BE691757C307,https://lda.senate.gov/filings/public/filing/78797b9c-dcd5-4dcb-a54d-be691757c307/print/,,ACCENTURE,"Accenture, LLP",Monument Advocacy,FALSE,SECOND QUARTER REPORT,2nd Quarter (Apr 1 - June 30),40000.0
064D006D-6634-47B9-9707-03CCF678058E,https://lda.senate.gov/filings/public/filing/064d006d-6634-47b9-9707-03ccf678058e/print/,,ACCENTURE,Accenture,"Capitol Tax Partners, LLP",FALSE,SECOND QUARTER REPORT,2nd Quarter (Apr 1 - June 30),70000.0
9412A00D-3FD6-4989-B946-2D584B606D39,https://lda.senate.gov/filings/public/filing/9412a00d-3fd6-4989-b946-2d584b606d39/print/,,ACCENTURE,Accenture LLP,AKIN GUMP STRAUSS HAUER & FELD,FALSE,SECOND QUARTER REPORT,2nd Quarter (Apr 1 - June 30),80000.0
1602F751-31A4-466E-A1E1-D058E9A0AD26,https://lda.senate.gov/filings/public/filing/1602f751-31a4-466e-a1e1-d058e9a0ad26/print/,,ACCENTURE,ACCENTURE LLP,The Duberstein Group Inc.,FALSE,SECOND QUARTER REPORT,2nd Quarter (Apr 1 - June 30),100000.0
1F6A3B5C-C4E4-44C0-B66F-EA5262991009,https://lda.senate.gov/filings/public/filing/1f6a3b5c-c4e4-44c0-b66f-ea5262991009/print/,,ACCENTURE,ACCENTURE LLP,"Accenture, LLP",TRUE,SECOND QUARTER REPORT,2nd Quarter (Apr 1 - June 30),560000.0
2E8901B5-2386-46CA-A45A-5BAE752E22A3,https://lda.senate.gov/filings/public/filing/2e8901b5-2386-46ca-a45a-5bae752e22a3/print/,,ACCENTURE,Accenture LLP,"The Nickles Group, LLC",FALSE,THIRD QUARTER REPORT,3rd Quarter (July 1 - Sep 30),20000.0
F6D1FBC1-78CC-45DB-8A6D-C54529AC00ED,https://lda.senate.gov/filings/public/filing/f6d1fbc1-78cc-45db-8a6d-c54529ac00ed/print/,,ACCENTURE,"Accenture, LLP",Monument Advocacy,FALSE,THIRD QUARTER REPORT,3rd Quarter (July 1 - Sep 30),40000.0
66B6C691-E00B-4D1F-9ED6-D670DFEE449B,https://lda.senate.gov/filings/public/filing/66b6c691-e00b-4d1f-9ed6-d670dfee449b/print/,,ACCENTURE,Accenture,"Capitol Tax Partners, LLP",FALSE,THIRD QUARTER REPORT,3rd Quarter (July 1 - Sep 30),70000.0
3A691A4F-35C8-4574-A210-C9C4E250629E,https://lda.senate.gov/filings/public/filing/3a691a4f-35c8-4574-a210-c9c4e250629e/print/,,ACCENTURE,Accenture LLP,AKIN GUMP STRAUSS HAUER & FELD,FALSE,THIRD QUARTER REPORT,3rd Quarter (July 1 - Sep 30),80000.0
C4D79459-4CD1-4F48-AB96-3E90116DEAE2,https://lda.senate.gov/filings/public/filing/c4d79459-4cd1-4f48-ab96-3e90116deae2/print/,,ACCENTURE,ACCENTURE LLP,The Duberstein Group Inc.,FALSE,THIRD QUARTER REPORT,3rd Quarter (July 1 - Sep 30),100000.0
1F69A475-FC90-4DA1-BF5C-AD7C87306ADD,https://lda.senate.gov/filings/public/filing/1f69a475-fc90-4da1-bf5c-ad7c87306add/print/,,ACCENTURE,ACCENTURE LLP,"Accenture, LLP",TRUE,THIRD QUARTER REPORT,3rd Quarter (July 1 - Sep 30),560000.0
539ED48E-1742-4D20-8B67-3770D3F1A561,https://lda.senate.gov/filings/public/filing/539ed48e-1742-4d20-8b67-3770d3f1a561/print/,,ACCENTURE,Accenture LLP,"The Nickles Group, LLC",FALSE,FOURTH QUARTER REPORT,4th Quarter (Oct 1 - Dec 31),20000.0
1F3699EF-5EE2-4A82-AE9C-7870DC1CF0CC,https://lda.senate.gov/filings/public/filing/1f3699ef-5ee2-4a82-ae9c-7870dc1cf0cc/print/,,ACCENTURE,"Accenture, LLP",Monument Advocacy,FALSE,FOURTH QUARTER REPORT,4th Quarter (Oct 1 - Dec 31),40000.0
8BBCDED2-EA1D-420E-B049-C3082EAF8138,https://lda.senate.gov/filings/public/filing/8bbcded2-ea1d-420e-b049-c3082eaf8138/print/,,ACCENTURE,Accenture,"Capitol Tax Partners, LLP",FALSE,FOURTH QUARTER REPORT,4th Quarter (Oct 1 - Dec 31),70000.0
9EE340AE-6E70-4D73-BD1B-10DA0C0C86F5,https://lda.senate.gov/filings/public/filing/9ee340ae-6e70-4d73-bd1b-10da0c0c86f5/print/,,ACCENTURE,Accenture LLP,"Akin, Gump, Strauss, Hauer & Feld",FALSE,FOURTH QUARTER REPORT,4th Quarter (Oct 1 - Dec 31),80000.0
FA2C21AC-D5BE-4E94-9E1C-1456DA6D8539,https://lda.senate.gov/filings/public/filing/fa2c21ac-d5be-4e94-9e1c-1456da6d8539/print/,,ACCENTURE,ACCENTURE LLP,The Duberstein Group Inc.,FALSE,FOURTH QUARTER REPORT,4th Quarter (Oct 1 - Dec 31),100000.0
DC2D2513-4B32-4745-A0CD-5227CCA34763,https://lda.senate.gov/filings/public/filing/dc2d2513-4b32-4745-a0cd-5227cca34763/print/,,ACCENTURE,ACCENTURE LLP,"Accenture, LLP",TRUE,FOURTH QUARTER REPORT,4th Quarter (Oct 1 - Dec 31),520000.0
F48BACEA-A03F-4A13-B3D4-D1E3BCDE19EB,https://lda.senate.gov/filings/public/filing/f48bacea-a03f-4a13-b3d4-d1e3bcde19eb/print/,ACCENTURE,ACCENTURE FEDERAL SERVICES,Accenture Federal Services LLC,"Jones Walker, LLP",FALSE,FIRST QUARTER REPORT,1st Quarter (Jan 1 - Mar 31),10000.0
F2CB2279-CF51-474C-A905-D1C27CEA8AD8,https://lda.senate.gov/filings/public/filing/f2cb2279-cf51-474c-a905-d1c27cea8ad8/print/,ACCENTURE,ACCENTURE FEDERAL SERVICES,Accenture Federal Services LLC,"THE LIVINGSTON GROUP, L.L.C.",FALSE,FIRST QUARTER REPORT,1st Quarter (Jan 1 - Mar 31),20000.0
F9980A35-B5AD-40BB-B9D0-09E358A138EF,https://lda.senate.gov/filings/public/filing/f9980a35-b5ad-40bb-b9d0-09e358a138ef/print/,ACCENTURE,ACCENTURE FEDERAL SERVICES,Accenture Federal Services LLC,"The Nickles Group, LLC",FALSE,FIRST QUARTER REPORT,1st Quarter (Jan 1 - Mar 31),40000.0
F682DCED-B91C-48BF-8BD3-68295F314BA9,https://lda.senate.gov/filings/public/filing/f682dced-b91c-48bf-8bd3-68295f314ba9/print/,ACCENTURE,ACCENTURE FEDERAL SERVICES,Accenture Federal Services LLC,"American Defense International, Inc.",FALSE,FIRST QUARTER REPORT,1st Quarter (Jan 1 - Mar 31),40000.0
14E2D688-0F6B-4949-8CA7-B3567220369A,https://lda.senate.gov/filings/public/filing/14e2d688-0f6b-4949-8ca7-b3567220369a/print/,ACCENTURE,ACCENTURE FEDERAL SERVICES,Accenture Federal Services LLC,"Dutko Worldwide, LLC",FALSE,FIRST QUARTER REPORT,1st Quarter (Jan 1 - Mar 31),40000.0
8B004A0B-CAA6-42F9-A7AC-C8F13C66B003,https://lda.senate.gov/filings/public/filing/8b004a0b-caa6-42f9-a7ac-c8f13c66b003/print/,ACCENTURE,ACCENTURE FEDERAL SERVICES,ACCENTURE FEDERAL SERVICES LLC,ACCENTURE FEDERAL SERVICES LLC,TRUE,FIRST QUARTER REPORT,1st Quarter (Jan 1 - Mar 31),210000.0
4E175884-F623-4174-847C-4BD362DA34BC,https://lda.senate.gov/filings/public/filing/4e175884-f623-4174-847c-4bd362da34bc/print/,ACCENTURE,ACCENTURE FEDERAL SERVICES,Accenture Federal Services LLC,"Jones Walker, LLP",FALSE,SECOND QUARTER REPORT,2nd Quarter (Apr 1 - June 30),10000.0
6A92B382-84CA-47CE-A212-D2D1842937F9,https://lda.senate.gov/filings/public/filing/6a92b382-84ca-47ce-a212-d2d1842937f9/print/,ACCENTURE,ACCENTURE FEDERAL SERVICES,Accenture Federal Services LLC,"The Livingston Group, LLC",FALSE,SECOND QUARTER REPORT,2nd Quarter (Apr 1 - June 30),20000.0
93FF7DD9-D7A9-4E4D-ACD2-5329A373C9A3,https://lda.senate.gov/filings/public/filing/93ff7dd9-d7a9-4e4d-acd2-5329a373c9a3/print/,ACCENTURE,ACCENTURE FEDERAL SERVICES,Accenture Federal Services LLC,"American Defense International, Inc.",FALSE,SECOND QUARTER REPORT,2nd Quarter (Apr 1 - June 30),40000.0
324D5486-55D4-4317-8C61-1901DFA654CA,https://lda.senate.gov/filings/public/filing/324d5486-55d4-4317-8c61-1901dfa654ca/print/,ACCENTURE,ACCENTURE FEDERAL SERVICES,Accenture Federal Services LLC,"The Nickles Group, LLC",FALSE,SECOND QUARTER REPORT,2nd Quarter (Apr 1 - June 30),40000.0
88A49E56-E386-4197-9A9F-69A56071E718,https://lda.senate.gov/filings/public/filing/88a49e56-e386-4197-9a9f-69a56071e718/print/,ACCENTURE,ACCENTURE FEDERAL SERVICES,Accenture Federal Services LLC,"Dutko Worldwide, LLC",FALSE,SECOND QUARTER REPORT,2nd Quarter (Apr 1 - June 30),40000.0
4DCC9DDD-5293-48D0-9B12-893E4A3C846B,https://lda.senate.gov/filings/public/filing/4dcc9ddd-5293-48d0-9b12-893e4a3c846b/print/,ACCENTURE,ACCENTURE FEDERAL SERVICES,ACCENTURE FEDERAL SERVICES LLC,ACCENTURE FEDERAL SERVICES LLC,TRUE,SECOND QUARTER REPORT,2nd Quarter (Apr 1 - June 30),210000.0
79D60902-FB27-4DFF-918A-9AEAFAD8969B,https://lda.senate.gov/filings/public/filing/79d60902-fb27-4dff-918a-9aeafad8969b/print/,ACCENTURE,ACCENTURE FEDERAL SERVICES,Accenture Federal Services LLC,"THE LIVINGSTON GROUP, L.L.C.",FALSE,THIRD QUARTER REPORT,3rd Quarter (July 1 - Sep 30),20000.0
D21A0E0B-45DB-494E-BDA1-694DA9F19B87,https://lda.senate.gov/filings/public/filing/d21a0e0b-45db-494e-bda1-694da9f19b87/print/,ACCENTURE,ACCENTURE FEDERAL SERVICES,Accenture Federal Services LLC,"Jones Walker, LLP",FALSE,THIRD QUARTER REPORT,3rd Quarter (July 1 - Sep 30),20000.0
E28C81EB-5637-4940-BDFF-BFD34E1944DE,https://lda.senate.gov/filings/public/filing/e28c81eb-5637-4940-bdff-bfd34e1944de/print/,ACCENTURE,ACCENTURE FEDERAL SERVICES,Accenture Federal Services LLC,"American Defense International, Inc.",FALSE,THIRD QUARTER REPORT,3rd Quarter (July 1 - Sep 30),40000.0
71E4090C-70C3-4B45-BA14-60F94E4222CF,https://lda.senate.gov/filings/public/filing/71e4090c-70c3-4b45-ba14-60f94e4222cf/print/,ACCENTURE,ACCENTURE FEDERAL SERVICES,Accenture Federal Services LLC,"The Nickles Group, LLC",FALSE,THIRD QUARTER REPORT,3rd Quarter (July 1 - Sep 30),40000.0
D309E447-0194-45ED-BB5E-E1DC3090B58F,https://lda.senate.gov/filings/public/filing/d309e447-0194-45ed-bb5e-e1dc3090b58f/print/,ACCENTURE,ACCENTURE FEDERAL SERVICES,Accenture Federal Services LLC,"Dutko Worldwide, LLC",FALSE,THIRD QUARTER REPORT,3rd Quarter (July 1 - Sep 30),40000.0
9946041E-BC89-4872-970B-AB0A87E641DD,https://lda.senate.gov/filings/public/filing/9946041e-bc89-4872-970b-ab0a87e641dd/print/,ACCENTURE,ACCENTURE FEDERAL SERVICES,ACCENTURE FEDERAL SERVICES LLC,ACCENTURE FEDERAL SERVICES LLC,TRUE,THIRD QUARTER REPORT,3rd Quarter (July 1 - Sep 30),250000.0
0108C2AD-BD08-4892-9C3E-5FD97CACB124,https://lda.senate.gov/filings/public/filing/0108c2ad-bd08-4892-9c3e-5fd97cacb124/print/,ACCENTURE,ACCENTURE FEDERAL SERVICES,Accenture Federal Services LLC,"Jones Walker, LLP",FALSE,FOURTH QUARTER REPORT,4th Quarter (Oct 1 - Dec 31),20000.0
7B3B01CA-3738-4152-9F8A-C86AE0743A2C,https://lda.senate.gov/filings/public/filing/7b3b01ca-3738-4152-9f8a-c86ae0743a2c/print/,ACCENTURE,ACCENTURE FEDERAL SERVICES,Accenture Federal Services LLC,"The Livingston Group, LLC",FALSE,FOURTH QUARTER REPORT,4th Quarter (Oct 1 - Dec 31),20000.0
35E8CBB4-B7E0-459B-AE37-013B67789012,https://lda.senate.gov/filings/public/filing/35e8cbb4-b7e0-459b-ae37-013b67789012/print/,ACCENTURE,ACCENTURE FEDERAL SERVICES,Accenture Federal Services LLC,"The Nickles Group, LLC",FALSE,FOURTH QUARTER REPORT,4th Quarter (Oct 1 - Dec 31),40000.0
57F02E54-574F-47FC-9ED7-DA3A772B2F1B,https://lda.senate.gov/filings/public/filing/57f02e54-574f-47fc-9ed7-da3a772b2f1b/print/,ACCENTURE,ACCENTURE FEDERAL SERVICES,Accenture Federal Services LLC,"American Defense International, Inc.",FALSE,FOURTH QUARTER REPORT,4th Quarter (Oct 1 - Dec 31),40000.0
A3B76D82-3B12-48E1-B3B2-D0A21332B7B8,https://lda.senate.gov/filings/public/filing/a3b76d82-3b12-48e1-b3b2-d0a21332b7b8/print/,ACCENTURE,ACCENTURE FEDERAL SERVICES,Accenture Federal Services LLC,"Dutko Worldwide, LLC",FALSE,FOURTH QUARTER REPORT,4th Quarter (Oct 1 - Dec 31),40000.0
D4BC8E0B-9D3E-4AEA-96AE-1F875D187768,https://lda.senate.gov/filings/public/filing/d4bc8e0b-9d3e-4aea-96ae-1f875d187768/print/,ACCENTURE,ACCENTURE FEDERAL SERVICES,ACCENTURE FEDERAL SERVICES LLC,ACCENTURE FEDERAL SERVICES LLC,TRUE,FOURTH QUARTER REPORT,4th Quarter (Oct 1 - Dec 31),210000.0
70C0D162-3F3D-42DB-88D9-74AC7357ACE8,https://lda.senate.gov/filings/public/filing/70c0d162-3f3d-42db-88d9-74ac7357ace8/print/,RELX,ACCUITY,Accuity,"The Keelen Group, LLC",FALSE,FIRST QUARTER REPORT,1st Quarter (Jan 1 - Mar 31),30000.0
E30AF062-3F95-4314-8C41-B736F37C1C95,https://lda.senate.gov/filings/public/filing/e30af062-3f95-4314-8c41-b736f37c1c95/print/,RELX,ACCUITY,Accuity,"The Keelen Group, LLC",FALSE,SECOND QUARTER REPORT,2nd Quarter (Apr 1 - June 30),35000.0
355C29CC-5DA6-4A23-ABE5-4DF3673574D2,https://lda.senate.gov/filings/public/filing/355c29cc-5da6-4a23-abe5-4df3673574d2/print/,RELX,ACCUITY,Accuity,"The Keelen Group, LLC",FALSE,THIRD QUARTER REPORT,3rd Quarter (July 1 - Sep 30),35000.0
8BF629D0-024F-4CD4-A389-4C4026A7855D,https://lda.senate.gov/filings/public/filing/8bf629d0-024f-4cd4-a389-4c4026a7855d/print/,RELX,ACCUITY,Accuity,"The Keelen Group, LLC",FALSE,FOURTH QUARTER REPORT,4th Quarter (Oct 1 - Dec 31),35000.0
397518E1-D6BE-46BB-99DB-9A4F0166983D,https://lda.senate.gov/filings/public/filing/397518e1-d6be-46bb-99db-9a4f0166983d/print/,,ACXIOM,Acxiom Corporation,"ALPINE GROUP PARTNERS, LLC.",FALSE,FIRST QUARTER REPORT,1st Quarter (Jan 1 - Mar 31),30000.0
25E74A76-F638-453D-B380-52B2A2C9D743,https://lda.senate.gov/filings/public/filing/25e74a76-f638-453d-b380-52b2a2c9d743/print/,,ACXIOM,ACXIOM CORPORATION,Hunton Andrews Kurth LLP (formerly Hunton & Williams LLP),FALSE,FIRST QUARTER REPORT,1st Quarter (Jan 1 - Mar 31),60000.0
7FA3E0D6-4D34-4C19-98DF-35FAA98E43A5,https://lda.senate.gov/filings/public/filing/7fa3e0d6-4d34-4c19-98df-35faa98e43a5/print/,,ACXIOM,Acxiom Corporation,"ALPINE GROUP PARTNERS, LLC.",FALSE,SECOND QUARTER REPORT,2nd Quarter (Apr 1 - June 30),30000.0
CE5F5E74-A8D3-42CB-8097-EDA8A0961D2B,https://lda.senate.gov/filings/public/filing/ce5f5e74-a8d3-42cb-8097-eda8a0961d2b/print/,,ACXIOM,ACXIOM CORPORATION,Hunton Andrews Kurth LLP (formerly Hunton & Williams LLP),FALSE,SECOND QUARTER REPORT,2nd Quarter (Apr 1 - June 30),60000.0
C0D72C0E-DD06-4EF3-B6E3-6B4D73915362,https://lda.senate.gov/filings/public/filing/c0d72c0e-dd06-4ef3-b6e3-6b4d73915362/print/,,ACXIOM,Acxiom Corporation,"ALPINE GROUP PARTNERS, LLC.",FALSE,THIRD QUARTER REPORT,3rd Quarter (July 1 - Sep 30),30000.0
D2AA5AE4-574F-41A7-A090-EB2CF5DCE0B8,https://lda.senate.gov/filings/public/filing/d2aa5ae4-574f-41a7-a090-eb2cf5dce0b8/print/,,ACXIOM,ACXIOM CORPORATION,Hunton Andrews Kurth LLP (formerly Hunton & Williams LLP),FALSE,THIRD QUARTER REPORT,3rd Quarter (July 1 - Sep 30),60000.0
1E794F93-BCDD-485C-9491-069335BAD8D1,https://lda.senate.gov/filings/public/filing/1e794f93-bcdd-485c-9491-069335bad8d1/print/,,ACXIOM,Acxiom Corporation,"ALPINE GROUP PARTNERS, LLC.",FALSE,FOURTH QUARTER REPORT,4th Quarter (Oct 1 - Dec 31),30000.0
274ADC23-6ADA-4E25-B139-0F6AF3A60FB8,https://lda.senate.gov/filings/public/filing/274adc23-6ada-4e25-b139-0f6af3a60fb8/print/,,ACXIOM,ACXIOM CORPORATION,Hunton Andrews Kurth LLP (formerly Hunton & Williams LLP),FALSE,FOURTH QUARTER REPORT,4th Quarter (Oct 1 - Dec 31),60000.0
6FB6A4A8-F779-4E70-91A2-9707BCD61C87,https://lda.senate.gov/filings/public/filing/6fb6a4a8-f779-4e70-91a2-9707bcd61c87/print/,,ARISTOTLE INTERNATIONAL,Aristotle International Inc.,BLACK DIAMOND STRATEGIES LLC,FALSE,FOURTH QUARTER AMENDMENT,4th Quarter (Oct 1 - Dec 31),30000.0
E59B6001-4BCA-4488-8E15-3854F73EE75B,https://lda.senate.gov/filings/public/filing/e59b6001-4bca-4488-8e15-3854f73ee75b/print/,,CORELOGIC,CoreLogic,Geoffrey P. Gray,FALSE,FIRST QUARTER REPORT,1st Quarter (Jan 1 - Mar 31),50000.0
4E08AD07-663F-4B1D-9855-435B786EAC41,https://lda.senate.gov/filings/public/filing/4e08ad07-663f-4b1d-9855-435b786eac41/print/,,CORELOGIC,CoreLogic,Geoffrey P. Gray,FALSE,SECOND QUARTER REPORT,2nd Quarter (Apr 1 - June 30),50000.0
9344E570-3EA3-476C-94AC-E42068F74504,https://lda.senate.gov/filings/public/filing/9344e570-3ea3-476c-94ac-e42068f74504/print/,,CORELOGIC,CoreLogic,Geoffrey P. Gray,FALSE,THIRD QUARTER REPORT,3rd Quarter (July 1 - Sep 30),50000.0
15BB503A-D4C3-4E9F-B788-5E019656D8E5,https://lda.senate.gov/filings/public/filing/15bb503a-d4c3-4e9f-b788-5e019656d8e5/print/,,CORELOGIC,CoreLogic,"RMP STRATEGIES, LLC",FALSE,FOURTH QUARTER AMENDMENT,4th Quarter (Oct 1 - Dec 31),15000.0
07DD12A8-8A49-4E63-8D98-7E16AEBE75CA,https://lda.senate.gov/filings/public/filing/07dd12a8-8a49-4e63-8d98-7e16aebe75ca/print/,,CORELOGIC,CoreLogic,Geoffrey P. Gray,FALSE,FOURTH QUARTER REPORT,4th Quarter (Oct 1 - Dec 31),50000.0
8D18BF7F-40CB-489F-A918-347B9E67FDFA,https://lda.senate.gov/filings/public/filing/8d18bf7f-40cb-489f-a918-347b9e67fdfa/print/,,DELOITTE,Deloitte LLP,"FEDERAL STREET STRATEGIES, LLC",FALSE,FIRST QUARTER REPORT,1st Quarter (Jan 1 - Mar 31),40000.0
CF21E5EC-7734-4839-9A72-B46576CFF7AA,https://lda.senate.gov/filings/public/filing/cf21e5ec-7734-4839-9a72-b46576cff7aa/print/,,DELOITTE,DELOITTE LLP,"BLUE RIDGE LAW & POLICY, P.C.",FALSE,FIRST QUARTER REPORT,1st Quarter (Jan 1 - Mar 31),50000.0
4CD9DDFA-295E-4DE1-B99F-14D833A66A91,https://lda.senate.gov/filings/public/filing/4cd9ddfa-295e-4de1-b99f-14d833a66a91/print/,,DELOITTE,DELOITTE LLP,Peck Madigan Jones,FALSE,FIRST QUARTER REPORT,1st Quarter (Jan 1 - Mar 31),50000.0
AD8B3946-4BA0-4048-BBAD-21B137A545A8,https://lda.senate.gov/filings/public/filing/ad8b3946-4ba0-4048-bbad-21b137a545a8/print/,,DELOITTE,Deloitte LLP,"FrogueClark, LLC",FALSE,FIRST QUARTER REPORT,1st Quarter (Jan 1 - Mar 31),50000.0
47AE4FD9-8B7A-4D12-92A4-449C1EBDBCFD,https://lda.senate.gov/filings/public/filing/47ae4fd9-8b7a-4d12-92a4-449c1ebdbcfd/print/,,DELOITTE,Deloitte LLP,Forbes-Tate,FALSE,FIRST QUARTER REPORT,1st Quarter (Jan 1 - Mar 31),50000.0
C4D7387C-57C4-4CBB-AF63-6C8891555D16,https://lda.senate.gov/filings/public/filing/c4d7387c-57c4-4cbb-af63-6c8891555d16/print/,,DELOITTE,Deloitte LLP,Deloitte LLP,TRUE,FIRST QUARTER REPORT,1st Quarter (Jan 1 - Mar 31),720000.0
E27082FF-85D9-488A-9A75-03C6704FDCBB,https://lda.senate.gov/filings/public/filing/e27082ff-85d9-488a-9a75-03c6704fdcbb/print/,,DELOITTE,Deloitte LLP,"FEDERAL STREET STRATEGIES, LLC",FALSE,SECOND QUARTER REPORT,2nd Quarter (Apr 1 - June 30),50000.0
89AAC1B1-590D-4391-B667-62DF284426FA,https://lda.senate.gov/filings/public/filing/89aac1b1-590d-4391-b667-62df284426fa/print/,,DELOITTE,DELOITTE LLP,"BLUE RIDGE LAW & POLICY, P.C.",FALSE,SECOND QUARTER REPORT,2nd Quarter (Apr 1 - June 30),50000.0
0085DE6F-F1EE-418E-BFEA-2D1C2A924944,https://lda.senate.gov/filings/public/filing/0085de6f-f1ee-418e-bfea-2d1c2a924944/print/,,DELOITTE,DELOITTE LLP,Peck Madigan Jones,FALSE,SECOND QUARTER REPORT,2nd Quarter (Apr 1 - June 30),50000.0
6E86E101-40C3-4B75-81B3-59ED1699902C,https://lda.senate.gov/filings/public/filing/6e86e101-40c3-4b75-81b3-59ed1699902c/print/,,DELOITTE,Deloitte LLP,"FrogueClark, LLC",FALSE,SECOND QUARTER REPORT,2nd Quarter (Apr 1 - June 30),50000.0
2D8C9518-090E-4DCE-851E-88C4C17D9F96,https://lda.senate.gov/filings/public/filing/2d8c9518-090e-4dce-851e-88c4c17d9f96/print/,,DELOITTE,Deloitte LLP,Forbes-Tate,FALSE,SECOND QUARTER REPORT,2nd Quarter (Apr 1 - June 30),50000.0
3A22E2E9-752B-488E-ADA5-ECAC0D5FE006,https://lda.senate.gov/filings/public/filing/3a22e2e9-752b-488e-ada5-ecac0d5fe006/print/,,DELOITTE,Deloitte LLP,Deloitte LLP,TRUE,SECOND QUARTER REPORT,2nd Quarter (Apr 1 - June 30),850000.0
5CB9AE9D-0767-46D6-AEA4-D97DB3E96867,https://lda.senate.gov/filings/public/filing/5cb9ae9d-0767-46d6-aea4-d97db3e96867/print/,,DELOITTE,DELOITTE LLP,"BLUE RIDGE LAW & POLICY, P.C.",FALSE,THIRD QUARTER REPORT,3rd Quarter (July 1 - Sep 30),50000.0
A1491096-CE6C-4063-A584-BF954052FCB3,https://lda.senate.gov/filings/public/filing/a1491096-ce6c-4063-a584-bf954052fcb3/print/,,DELOITTE,Deloitte LLP,"FEDERAL STREET STRATEGIES, LLC",FALSE,THIRD QUARTER REPORT,3rd Quarter (July 1 - Sep 30),50000.0
7CEC9380-9C6C-44F1-B966-2ADF47F77107,https://lda.senate.gov/filings/public/filing/7cec9380-9c6c-44f1-b966-2adf47f77107/print/,,DELOITTE,DELOITTE LLP,Peck Madigan Jones,FALSE,THIRD QUARTER REPORT,3rd Quarter (July 1 - Sep 30),50000.0
218F2475-88A5-49F8-A99B-19B95876BDE6,https://lda.senate.gov/filings/public/filing/218f2475-88a5-49f8-a99b-19b95876bde6/print/,,DELOITTE,Deloitte LLP,"FrogueClark, LLC",FALSE,THIRD QUARTER REPORT,3rd Quarter (July 1 - Sep 30),50000.0
D44AB88A-D4BC-44CD-8186-A86997A02978,https://lda.senate.gov/filings/public/filing/d44ab88a-d4bc-44cd-8186-a86997a02978/print/,,DELOITTE,Deloitte LLP,Forbes-Tate,FALSE,THIRD QUARTER REPORT,3rd Quarter (July 1 - Sep 30),50000.0
E9BFE322-880D-4BFF-A3AE-8918C5F9556F,https://lda.senate.gov/filings/public/filing/e9bfe322-880d-4bff-a3ae-8918c5f9556f/print/,,DELOITTE,Deloitte LLP,Deloitte LLP,TRUE,THIRD QUARTER REPORT,3rd Quarter (July 1 - Sep 30),420000.0
6851D79E-3BE7-4826-A9D4-4B3400B10DA5,https://lda.senate.gov/filings/public/filing/6851d79e-3be7-4826-a9d4-4b3400b10da5/print/,,DELOITTE,Deloitte LLP,"RESOLUTION PUBLIC AFFAIRS, LLC",FALSE,FOURTH QUARTER REPORT,4th Quarter (Oct 1 - Dec 31),40000.0
94EB56F7-7724-48D7-A927-0B1D7A81A429,https://lda.senate.gov/filings/public/filing/94eb56f7-7724-48d7-a927-0b1d7a81a429/print/,,DELOITTE,DELOITTE LLP,"BLUE RIDGE LAW & POLICY, P.C.",FALSE,FOURTH QUARTER REPORT,4th Quarter (Oct 1 - Dec 31),50000.0
4CB48AD3-DFAC-4902-B7AC-64A80D17240B,https://lda.senate.gov/filings/public/filing/4cb48ad3-dfac-4902-b7ac-64a80d17240b/print/,,DELOITTE,Deloitte LLP,"FEDERAL STREET STRATEGIES, LLC",FALSE,FOURTH QUARTER REPORT,4th Quarter (Oct 1 - Dec 31),50000.0
735E7286-5666-438B-A9F0-BDD556E67301,https://lda.senate.gov/filings/public/filing/735e7286-5666-438b-a9f0-bdd556e67301/print/,,DELOITTE,Deloitte LLP,Forbes-Tate,FALSE,FOURTH QUARTER REPORT,4th Quarter (Oct 1 - Dec 31),50000.0
97443DFF-3F63-4C35-9F77-895212E2C43C,https://lda.senate.gov/filings/public/filing/97443dff-3f63-4c35-9f77-895212e2c43c/print/,,DELOITTE,Deloitte LLP,"FrogueClark, LLC",FALSE,FOURTH QUARTER REPORT,4th Quarter (Oct 1 - Dec 31),50000.0
527D3F41-8882-4525-9D63-2E3E9E9C2423,https://lda.senate.gov/filings/public/filing/527d3f41-8882-4525-9d63-2e3e9e9c2423/print/,,DELOITTE,DELOITTE LLP,Peck Madigan Jones,FALSE,FOURTH QUARTER REPORT,4th Quarter (Oct 1 - Dec 31),50000.0
51B853A8-6B59-4AA4-83C0-66E5F97A0D61,https://lda.senate.gov/filings/public/filing/51b853a8-6b59-4aa4-83c0-66e5f97a0d61/print/,,DELOITTE,Deloitte LLP,Deloitte LLP,TRUE,FOURTH QUARTER REPORT,4th Quarter (Oct 1 - Dec 31),410000.0
88F14E8F-F401-41F1-A524-EB12F4CC2859,https://lda.senate.gov/filings/public/filing/88f14e8f-f401-41f1-a524-eb12f4cc2859/print/,,DUN & BRADSTREET,Dun & Bradstreet,"Cassidy & Associates, Inc.",FALSE,FIRST QUARTER REPORT,1st Quarter (Jan 1 - Mar 31),50000.0
5BC6FD26-8FBB-4B48-A26C-B98CEB81EFC9,https://lda.senate.gov/filings/public/filing/5bc6fd26-8fbb-4b48-a26c-b98ceb81efc9/print/,,DUN & BRADSTREET,Dun & Bradstreet,"Cassidy & Associates, Inc.",FALSE,SECOND QUARTER AMENDMENT,2nd Quarter (Apr 1 - June 30),50000.0
8D7DFB9C-B6F2-4E49-BB1D-B2EC871061FB,https://lda.senate.gov/filings/public/filing/8d7dfb9c-b6f2-4e49-bb1d-b2ec871061fb/print/,,DUN & BRADSTREET,Dun & Bradstreet,"Cassidy & Associates, Inc.",FALSE,THIRD QUARTER REPORT,3rd Quarter (July 1 - Sep 30),50000.0
ED894AB6-3B16-4BC9-9DA3-147D63309689,https://lda.senate.gov/filings/public/filing/ed894ab6-3b16-4bc9-9da3-147d63309689/print/,,DUN & BRADSTREET,Dun & Bradstreet,"Cassidy & Associates, Inc.",FALSE,FOURTH QUARTER REPORT,4th Quarter (Oct 1 - Dec 31),50000.0
A46A80C7-5580-41F3-9621-225E8E07BCAB,https://lda.senate.gov/filings/public/filing/a46a80c7-5580-41f3-9621-225e8e07bcab/print/,,EARLY WARNING SERVICES,"Early Warning Services, LLC","Capitol Counsel, LLC",FALSE,THIRD QUARTER AMENDMENT,3rd Quarter (July 1 - Sep 30),10000.0
EA1A85FB-0D37-4773-ABC4-AD8E47443F67,https://lda.senate.gov/filings/public/filing/ea1a85fb-0d37-4773-abc4-ad8e47443f67/print/,,EARLY WARNING SERVICES,"Early Warning Services, LLC","Capitol Counsel, LLC",FALSE,FOURTH QUARTER REPORT,4th Quarter (Oct 1 - Dec 31),20000.0
BE92D200-A5B0-451D-9F89-62D75675E614,https://lda.senate.gov/filings/public/filing/be92d200-a5b0-451d-9f89-62d75675e614/print/,RELX,ELSEVIER,Elsevier Inc.,"HEALTH POLICY SOURCE, INC.",FALSE,FIRST QUARTER REPORT,1st Quarter (Jan 1 - Mar 31),30000.0
E0D57B4F-FF7A-468F-8646-151D32880138,https://lda.senate.gov/filings/public/filing/e0d57b4f-ff7a-468f-8646-151d32880138/print/,RELX,ELSEVIER,Elsevier Inc.,"HEALTH POLICY SOURCE, INC.",FALSE,SECOND QUARTER REPORT,2nd Quarter (Apr 1 - June 30),20000.0
5956A8DC-4159-47F9-B41B-9332B80D9E97,https://lda.senate.gov/filings/public/filing/5956a8dc-4159-47f9-b41b-9332b80d9e97/print/,RELX,ELSEVIER,Elsevier Inc.,"HEALTH POLICY SOURCE, INC.",FALSE,THIRD QUARTER REPORT,3rd Quarter (July 1 - Sep 30),30000.0
1954D920-C3FC-4F40-81B8-52E3D7821B5F,https://lda.senate.gov/filings/public/filing/1954d920-c3fc-4f40-81b8-52e3d7821b5f/print/,RELX,ELSEVIER,Elsevier Inc.,"HEALTH POLICY SOURCE, INC.",FALSE,FOURTH QUARTER REPORT,4th Quarter (Oct 1 - Dec 31),10000.0
13DE473C-D86A-4E45-B31F-27AB2EAFFE47,https://lda.senate.gov/filings/public/filing/13de473c-d86a-4e45-b31f-27ab2eaffe47/print/,,EQUIFAX,Equifax Inc.,AKIN GUMP STRAUSS HAUER & FELD,FALSE,FIRST QUARTER REPORT,1st Quarter (Jan 1 - Mar 31),20000.0
469F9168-DA2E-4AC6-B704-2629833606DE,https://lda.senate.gov/filings/public/filing/469f9168-da2e-4ac6-b704-2629833606de/print/,,EQUIFAX,Equifax Inc.,"Arnall Golden Gregory, LLP",FALSE,FIRST QUARTER REPORT,1st Quarter (Jan 1 - Mar 31),30000.0
153F2687-2C23-4E29-BF35-FA48360EAB39,https://lda.senate.gov/filings/public/filing/153f2687-2c23-4e29-bf35-fa48360eab39/print/,,EQUIFAX,"Equifax, Inc.","ATRIO CONSULTING GROUP, LLC",FALSE,FIRST QUARTER REPORT,1st Quarter (Jan 1 - Mar 31),30000.0
D53DED7C-6916-4ADF-B143-09F48816616B,https://lda.senate.gov/filings/public/filing/d53ded7c-6916-4adf-b143-09f48816616b/print/,,EQUIFAX,"Equifax, Inc.",McGuireWoods Consulting (A Subsidiary of McGuireWoods LLP),FALSE,FIRST QUARTER REPORT,1st Quarter (Jan 1 - Mar 31),30000.0
B6BE151A-6954-4CBC-897A-36F1E65389BB,https://lda.senate.gov/filings/public/filing/b6be151a-6954-4cbc-897a-36f1e65389bb/print/,,EQUIFAX,Equifax Inc.,Thorn Run Partners,FALSE,FIRST QUARTER REPORT,1st Quarter (Jan 1 - Mar 31),40000.0
C23341A7-BC90-4217-A454-5AB6FEE1FF24,https://lda.senate.gov/filings/public/filing/c23341a7-bc90-4217-a454-5ab6fee1ff24/print/,,EQUIFAX,"EQUIFAX, INC","Equifax, Inc.",TRUE,FIRST QUARTER REPORT,1st Quarter (Jan 1 - Mar 31),371154.0
245EB556-B94F-4AA5-B2F4-DDE85ABAFDC7,https://lda.senate.gov/filings/public/filing/245eb556-b94f-4aa5-b2f4-dde85abafdc7/print/,,EQUIFAX,Equifax Inc.,AKIN GUMP STRAUSS HAUER & FELD,FALSE,SECOND QUARTER REPORT,2nd Quarter (Apr 1 - June 30),20000.0
28733008-9964-40F0-8009-7E1B99FF9342,https://lda.senate.gov/filings/public/filing/28733008-9964-40f0-8009-7e1b99ff9342/print/,,EQUIFAX,Equifax Inc.,"Arnall Golden Gregory, LLP",FALSE,SECOND QUARTER REPORT,2nd Quarter (Apr 1 - June 30),30000.0
6570A4EB-AF9D-4DD2-BFE0-09582F99D8C4,https://lda.senate.gov/filings/public/filing/6570a4eb-af9d-4dd2-bfe0-09582f99d8c4/print/,,EQUIFAX,"Equifax, Inc.","ATRIO CONSULTING GROUP, LLC",FALSE,SECOND QUARTER REPORT,2nd Quarter (Apr 1 - June 30),30000.0
A28B7E87-3CD3-468C-9030-885419EFDB1C,https://lda.senate.gov/filings/public/filing/a28b7e87-3cd3-468c-9030-885419efdb1c/print/,,EQUIFAX,"Equifax, Inc.",McGuireWoods Consulting (A Subsidiary of McGuireWoods LLP),FALSE,SECOND QUARTER REPORT,2nd Quarter (Apr 1 - June 30),30000.0
FEBBD09D-38FC-4D6A-835D-0CD5EDEF996B,https://lda.senate.gov/filings/public/filing/febbd09d-38fc-4d6a-835d-0cd5edef996b/print/,,EQUIFAX,Equifax Inc.,Thorn Run Partners,FALSE,SECOND QUARTER REPORT,2nd Quarter (Apr 1 - June 30),40000.0
40065EFA-DEDD-497E-BB8A-91381A1AA928,https://lda.senate.gov/filings/public/filing/40065efa-dedd-497e-bb8a-91381a1aa928/print/,,EQUIFAX,"EQUIFAX, INC","Equifax, Inc.",TRUE,SECOND QUARTER REPORT,2nd Quarter (Apr 1 - June 30),350000.0
E429C889-DF05-4A3A-A27D-F6C97A5A42B1,https://lda.senate.gov/filings/public/filing/e429c889-df05-4a3a-a27d-f6c97a5a42b1/print/,,EQUIFAX,Equifax Inc.,AKIN GUMP STRAUSS HAUER & FELD,FALSE,THIRD QUARTER REPORT,3rd Quarter (July 1 - Sep 30),20000.0
7D07266B-4AF9-45F5-8660-EC78471F9B13,https://lda.senate.gov/filings/public/filing/7d07266b-4af9-45f5-8660-ec78471f9b13/print/,,EQUIFAX,Equifax Inc.,"Arnall Golden Gregory, LLP",FALSE,THIRD QUARTER REPORT,3rd Quarter (July 1 - Sep 30),30000.0
42236F52-04A6-4F11-93E0-8FC3652EA1B1,https://lda.senate.gov/filings/public/filing/42236f52-04a6-4f11-93e0-8fc3652ea1b1/print/,,EQUIFAX,"Equifax, Inc.","ATRIO CONSULTING GROUP, LLC",FALSE,THIRD QUARTER REPORT,3rd Quarter (July 1 - Sep 30),30000.0
EBB1DBD1-6CB6-4F74-BB78-6C7C230DB384,https://lda.senate.gov/filings/public/filing/ebb1dbd1-6cb6-4f74-bb78-6c7c230db384/print/,,EQUIFAX,"Equifax, Inc.",McGuireWoods Consulting (A Subsidiary of McGuireWoods LLP),FALSE,THIRD QUARTER REPORT,3rd Quarter (July 1 - Sep 30),30000.0
FF4FF0D9-A9B2-46E0-A7AC-C69F85A878E6,https://lda.senate.gov/filings/public/filing/ff4ff0d9-a9b2-46e0-a7ac-c69f85a878e6/print/,,EQUIFAX,Equifax Inc.,Thorn Run Partners,FALSE,THIRD QUARTER REPORT,3rd Quarter (July 1 - Sep 30),40000.0
BB8F78AD-8DBB-4F08-B5ED-CEE7F83AD072,https://lda.senate.gov/filings/public/filing/bb8f78ad-8dbb-4f08-b5ed-cee7f83ad072/print/,,EQUIFAX,"EQUIFAX, INC","Equifax, Inc.",TRUE,THIRD QUARTER REPORT,3rd Quarter (July 1 - Sep 30),350000.0
022CF5CB-E34C-4267-910F-B657925F695F,https://lda.senate.gov/filings/public/filing/022cf5cb-e34c-4267-910f-b657925f695f/print/,,EQUIFAX,Equifax Inc.,"Akin, Gump, Strauss, Hauer & Feld",FALSE,FOURTH QUARTER REPORT,4th Quarter (Oct 1 - Dec 31),20000.0
43A31771-752F-4F82-97F9-A255BEA23D0D,https://lda.senate.gov/filings/public/filing/43a31771-752f-4f82-97f9-a255bea23d0d/print/,,EQUIFAX,"Equifax, Inc.","ATRIO CONSULTING GROUP, LLC",FALSE,FOURTH QUARTER REPORT,4th Quarter (Oct 1 - Dec 31),30000.0
5CFBC551-B6AC-41E7-96C4-84DEC71E5897,https://lda.senate.gov/filings/public/filing/5cfbc551-b6ac-41e7-96c4-84dec71e5897/print/,,EQUIFAX,"Equifax, Inc.",McGuireWoods Consulting (A Subsidiary of McGuireWoods LLP),FALSE,FOURTH QUARTER REPORT,4th Quarter (Oct 1 - Dec 31),30000.0
040D5CD4-5637-48E6-B445-E7464D52947B,https://lda.senate.gov/filings/public/filing/040d5cd4-5637-48e6-b445-e7464d52947b/print/,,EQUIFAX,Equifax Inc.,Thorn Run Partners,FALSE,FOURTH QUARTER REPORT,4th Quarter (Oct 1 - Dec 31),40000.0
04C80942-F88B-4D18-A30E-BB64A27A6096,https://lda.senate.gov/filings/public/filing/04c80942-f88b-4d18-a30e-bb64a27a6096/print/,,EQUIFAX,"EQUIFAX, INC","Equifax, Inc.",TRUE,FOURTH QUARTER REPORT,4th Quarter (Oct 1 - Dec 31),350000.0
64340D77-3495-4593-9756-DC95E68AAF9D,https://lda.senate.gov/filings/public/filing/64340d77-3495-4593-9756-dc95e68aaf9d/print/,,EXPERIAN,Experian North America,Lincoln Policy Group,FALSE,FIRST QUARTER REPORT,1st Quarter (Jan 1 - Mar 31),40000.0
7F23874C-41C4-4786-B20A-58EB9FF2885B,https://lda.senate.gov/filings/public/filing/7f23874c-41c4-4786-b20a-58eb9ff2885b/print/,,EXPERIAN,Experian North America,"Federal Hall Policy Advisors, LLC",FALSE,FIRST QUARTER REPORT,1st Quarter (Jan 1 - Mar 31),60000.0
FE079CDB-BFDB-45D0-894F-746E9EBE8FFC,https://lda.senate.gov/filings/public/filing/fe079cdb-bfdb-45d0-894f-746e9ebe8ffc/print/,,EXPERIAN,EXPERIAN INC,Venable LLP,FALSE,FIRST QUARTER REPORT,1st Quarter (Jan 1 - Mar 31),120000.0
9322E097-934A-406B-9AAE-FD73D3CAE0AE,https://lda.senate.gov/filings/public/filing/9322e097-934a-406b-9aae-fd73d3cae0ae/print/,,EXPERIAN,EXPERIAN NORTH AMERICA,EXPERIAN NORTH AMERICA,TRUE,FIRST QUARTER REPORT,1st Quarter (Jan 1 - Mar 31),360000.0
67BA68B1-2343-4E6E-843B-301AD2C91D3E,https://lda.senate.gov/filings/public/filing/67ba68b1-2343-4e6e-843b-301ad2c91d3e/print/,,EXPERIAN,Experian North America,Lincoln Policy Group,FALSE,SECOND QUARTER REPORT,2nd Quarter (Apr 1 - June 30),40000.0
D163685D-1B4E-4937-8712-F8BE98DBFC6B,https://lda.senate.gov/filings/public/filing/d163685d-1b4e-4937-8712-f8be98dbfc6b/print/,,EXPERIAN,EXPERIAN INC,Venable LLP,FALSE,SECOND QUARTER REPORT,2nd Quarter (Apr 1 - June 30),50000.0
3C56F539-9161-421C-BAAA-155863053D17,https://lda.senate.gov/filings/public/filing/3c56f539-9161-421c-baaa-155863053d17/print/,,EXPERIAN,Experian North America,"Federal Hall Policy Advisors, LLC",FALSE,SECOND QUARTER REPORT,2nd Quarter (Apr 1 - June 30),60000.0
736CF993-B513-401C-9449-0B4200200243,https://lda.senate.gov/filings/public/filing/736cf993-b513-401c-9449-0b4200200243/print/,,EXPERIAN,EXPERIAN NORTH AMERICA,EXPERIAN NORTH AMERICA,TRUE,SECOND QUARTER REPORT,2nd Quarter (Apr 1 - June 30),360000.0
D5DD0950-5243-43DF-BF71-854AE4F40F80,https://lda.senate.gov/filings/public/filing/d5dd0950-5243-43df-bf71-854ae4f40f80/print/,,EXPERIAN,Experian North America,Lincoln Policy Group,FALSE,THIRD QUARTER REPORT,3rd Quarter (July 1 - Sep 30),40000.0
EAB2BE24-F410-475E-B380-56CE4AB24A39,https://lda.senate.gov/filings/public/filing/eab2be24-f410-475e-b380-56ce4ab24a39/print/,,EXPERIAN,EXPERIAN INC,Venable LLP,FALSE,THIRD QUARTER REPORT,3rd Quarter (July 1 - Sep 30),50000.0
6F6B5654-8A9B-4121-9D28-CCD019C3252E,https://lda.senate.gov/filings/public/filing/6f6b5654-8a9b-4121-9d28-ccd019c3252e/print/,,EXPERIAN,Experian North America,"Federal Hall Policy Advisors, LLC",FALSE,THIRD QUARTER REPORT,3rd Quarter (July 1 - Sep 30),60000.0
83EFB613-463D-4B6A-9175-B80F5613BE18,https://lda.senate.gov/filings/public/filing/83efb613-463d-4b6a-9175-b80f5613be18/print/,,EXPERIAN,EXPERIAN NORTH AMERICA,EXPERIAN NORTH AMERICA,TRUE,THIRD QUARTER REPORT,3rd Quarter (July 1 - Sep 30),360000.0
7172CD48-2F1B-45A3-BF08-69E9BE5EA362,https://lda.senate.gov/filings/public/filing/7172cd48-2f1b-45a3-bf08-69e9be5ea362/print/,,EXPERIAN,Experian North America,Lincoln Policy Group,FALSE,FOURTH QUARTER REPORT,4th Quarter (Oct 1 - Dec 31),40000.0
46CF439F-B424-42B9-8AB3-3B0DFDB65FA1,https://lda.senate.gov/filings/public/filing/46cf439f-b424-42b9-8ab3-3b0dfdb65fa1/print/,,EXPERIAN,EXPERIAN INC,Venable LLP,FALSE,FOURTH QUARTER REPORT,4th Quarter (Oct 1 - Dec 31),50000.0
F5024A7E-318F-438F-850A-52B9BA20FE64,https://lda.senate.gov/filings/public/filing/f5024a7e-318f-438f-850a-52b9ba20fe64/print/,,EXPERIAN,Experian North America,"Federal Hall Policy Advisors, LLC",FALSE,FOURTH QUARTER REPORT,4th Quarter (Oct 1 - Dec 31),60000.0
917E8B0D-35BA-45BE-8A7A-463474879808,https://lda.senate.gov/filings/public/filing/917e8b0d-35ba-45be-8a7a-463474879808/print/,,EXPERIAN,EXPERIAN NORTH AMERICA,EXPERIAN NORTH AMERICA,TRUE,FOURTH QUARTER REPORT,4th Quarter (Oct 1 - Dec 31),360000.0
61ACE40E-E3B7-40CB-8FE7-6211BFDD5A7F,https://lda.senate.gov/filings/public/filing/61ace40e-e3b7-40cb-8fe7-6211bfdd5a7f/print/,,IHS MARKIT,IHS MARITIME & TRADE,Venable LLP,FALSE,FIRST QUARTER REPORT,1st Quarter (Jan 1 - Mar 31),20000.0
C7FD811E-FE1A-49DB-8B2D-74F71BA0E101,https://lda.senate.gov/filings/public/filing/c7fd811e-fe1a-49db-8b2d-74f71ba0e101/print/,,IHS MARKIT,IHS MARITIME & TRADE,Venable LLP,FALSE,SECOND QUARTER REPORT,2nd Quarter (Apr 1 - June 30),30000.0
74C62C04-EACE-4DCF-8612-E382EA2AFC00,https://lda.senate.gov/filings/public/filing/74c62c04-eace-4dcf-8612-e382ea2afc00/print/,,IHS MARKIT,IHS MARITIME & TRADE,Venable LLP,FALSE,THIRD QUARTER REPORT,3rd Quarter (July 1 - Sep 30),20000.0
B096D487-BB45-480A-95DF-BF3129F9EC92,https://lda.senate.gov/filings/public/filing/b096d487-bb45-480a-95df-bf3129f9ec92/print/,,IHS MARKIT,IHS MARITIME & TRADE,Venable LLP,FALSE,FOURTH QUARTER REPORT,4th Quarter (Oct 1 - Dec 31),10000.0
D20A4B8D-605D-45E8-B4B7-C034EBE3ECB4,https://lda.senate.gov/filings/public/filing/d20a4b8d-605d-45e8-b4b7-c034ebe3ecb4/print/,,INMAR,Inmar Inc.,Horizon Government Affairs,FALSE,FIRST QUARTER REPORT,1st Quarter (Jan 1 - Mar 31),30000.0
A8B59F39-B123-4316-B728-AEE81D54194B,https://lda.senate.gov/filings/public/filing/a8b59f39-b123-4316-b728-aee81d54194b/print/,,INMAR,Inmar Inc.,Horizon Government Affairs,FALSE,SECOND QUARTER REPORT,2nd Quarter (Apr 1 - June 30),30000.0
51FED48F-68D0-4E77-9D9D-87ABEE15FFE0,https://lda.senate.gov/filings/public/filing/51fed48f-68d0-4e77-9d9d-87abee15ffe0/print/,,INMAR,Inmar,ALSTON & BIRD LLP,FALSE,SECOND QUARTER REPORT,2nd Quarter (Apr 1 - June 30),50000.0
5AE655BB-43BF-4AD0-84F5-8FF9205540FB,https://lda.senate.gov/filings/public/filing/5ae655bb-43bf-4ad0-84f5-8ff9205540fb/print/,,INMAR,Inmar,ALSTON & BIRD LLP,FALSE,THIRD QUARTER REPORT,3rd Quarter (July 1 - Sep 30),20000.0
BE439646-FF08-49EE-895C-6BBA46261831,https://lda.senate.gov/filings/public/filing/be439646-ff08-49ee-895c-6bba46261831/print/,,LIVERAMP,LiveRamp,The Madison Group,FALSE,FIRST QUARTER REPORT,1st Quarter (Jan 1 - Mar 31),45000.0
E748B5FD-8ECE-4353-A4C1-8A2303682643,https://lda.senate.gov/filings/public/filing/e748b5fd-8ece-4353-a4c1-8a2303682643/print/,,LIVERAMP,"LiveRamp, Inc.",EMERGENT STRATEGIES,FALSE,FIRST QUARTER REPORT,1st Quarter (Jan 1 - Mar 31),60000.0
51B53339-C4EB-476E-8F37-47D9BA03539C,https://lda.senate.gov/filings/public/filing/51b53339-c4eb-476e-8f37-47d9ba03539c/print/,,LIVERAMP,LiveRamp Holdings Inc.,Hunton Andrews Kurth LLP (formerly Hunton & Williams LLP),FALSE,FIRST QUARTER REPORT,1st Quarter (Jan 1 - Mar 31),70000.0
8636186A-DC3F-40E9-B54D-9F236760075F,https://lda.senate.gov/filings/public/filing/8636186a-dc3f-40e9-b54d-9f236760075f/print/,,LIVERAMP,LiveRamp,The Madison Group,FALSE,SECOND QUARTER REPORT,2nd Quarter (Apr 1 - June 30),45000.0
A7A58185-D14B-4B52-82AE-3AA2E0D9A7D4,https://lda.senate.gov/filings/public/filing/a7a58185-d14b-4b52-82ae-3aa2e0d9a7d4/print/,,LIVERAMP,"LiveRamp, Inc.",Emergent Strategies,FALSE,SECOND QUARTER REPORT,2nd Quarter (Apr 1 - June 30),60000.0
4FF4F03D-1C85-4F32-B7C9-AB7B101AB891,https://lda.senate.gov/filings/public/filing/4ff4f03d-1c85-4f32-b7c9-ab7b101ab891/print/,,LIVERAMP,LiveRamp Holdings Inc.,Hunton Andrews Kurth LLP (formerly Hunton & Williams LLP),FALSE,SECOND QUARTER REPORT,2nd Quarter (Apr 1 - June 30),60000.0
C16509A0-64FD-4154-B1B4-F47A63BC8A5F,https://lda.senate.gov/filings/public/filing/c16509a0-64fd-4154-b1b4-f47a63bc8a5f/print/,,LIVERAMP,LiveRamp Holdings Inc.,Hunton Andrews Kurth LLP (formerly Hunton & Williams LLP),FALSE,THIRD QUARTER REPORT,3rd Quarter (July 1 - Sep 30),40000.0
2ACA4DF3-147D-42D7-A25F-CA55E31E5369,https://lda.senate.gov/filings/public/filing/2aca4df3-147d-42d7-a25f-ca55e31e5369/print/,,LIVERAMP,LiveRamp,The Madison Group,FALSE,THIRD QUARTER REPORT,3rd Quarter (July 1 - Sep 30),45000.0
24613C22-CE75-4E50-B4B2-183A3293A999,https://lda.senate.gov/filings/public/filing/24613c22-ce75-4e50-b4b2-183a3293a999/print/,,LIVERAMP,"LiveRamp, Inc.",Emergent Strategies,FALSE,THIRD QUARTER REPORT,3rd Quarter (July 1 - Sep 30),60000.0
93745301-6558-48C8-8C59-34FDE764EB67,https://lda.senate.gov/filings/public/filing/93745301-6558-48c8-8c59-34fde764eb67/print/,,LIVERAMP,LiveRamp Holdings Inc.,Hunton Andrews Kurth LLP (formerly Hunton & Williams LLP),FALSE,FOURTH QUARTER REPORT,4th Quarter (Oct 1 - Dec 31),40000.0
3F7B5531-D8CF-4FA3-8844-37E40E3661D4,https://lda.senate.gov/filings/public/filing/3f7b5531-d8cf-4fa3-8844-37e40e3661d4/print/,,LIVERAMP,LiveRamp,The Madison Group,FALSE,FOURTH QUARTER REPORT,4th Quarter (Oct 1 - Dec 31),45000.0
857262AD-5DAA-46F6-B4E8-27D9EB72E1F5,https://lda.senate.gov/filings/public/filing/857262ad-5daa-46f6-b4e8-27d9eb72e1f5/print/,,LIVERAMP,"LiveRamp, Inc.",Emergent Strategies,FALSE,FOURTH QUARTER REPORT,4th Quarter (Oct 1 - Dec 31),60000.0
7821A185-D9F5-4729-82B5-9A0BA2E7266D,https://lda.senate.gov/filings/public/filing/7821a185-d9f5-4729-82b5-9a0ba2e7266d/print/,,NCR,NCR Corporation,"TROUTMAN SANDERS PUBLIC AFFAIRS GROUP, LLC",FALSE,FIRST QUARTER REPORT,1st Quarter (Jan 1 - Mar 31),20000.0
B172696A-F814-42CC-AF50-1A55F12FEA2D,https://lda.senate.gov/filings/public/filing/b172696a-f814-42cc-af50-1a55f12fea2d/print/,,NCR,NCR Corporation,"Cassidy & Associates, Inc.",FALSE,FIRST QUARTER REPORT,1st Quarter (Jan 1 - Mar 31),40000.0
8601FB40-8C61-497A-81A8-0F0E2B844BBF,https://lda.senate.gov/filings/public/filing/8601fb40-8c61-497a-81a8-0f0e2b844bbf/print/,,NCR,NCR Corporation,NCR Corporation,TRUE,FIRST QUARTER REPORT,1st Quarter (Jan 1 - Mar 31),90000.0
FD54A6BC-5D74-44BE-ADF3-DBEBBFF64CD0,https://lda.senate.gov/filings/public/filing/fd54a6bc-5d74-44be-adf3-dbebbff64cd0/print/,,NCR,NCR Corporation,"TROUTMAN SANDERS PUBLIC AFFAIRS GROUP, LLC",FALSE,SECOND QUARTER REPORT,2nd Quarter (Apr 1 - June 30),20000.0
61E0A9AD-BEA4-45FE-AF8E-E9B568F9B91A,https://lda.senate.gov/filings/public/filing/61e0a9ad-bea4-45fe-af8e-e9b568f9b91a/print/,,NCR,NCR Corporation,"Cassidy & Associates, Inc.",FALSE,SECOND QUARTER REPORT,2nd Quarter (Apr 1 - June 30),30000.0
4259769D-AE5F-4CF5-91AA-5FE7EB9C61CA,https://lda.senate.gov/filings/public/filing/4259769d-ae5f-4cf5-91aa-5fe7eb9c61ca/print/,,NCR,NCR Corporation,NCR Corporation,TRUE,SECOND QUARTER REPORT,2nd Quarter (Apr 1 - June 30),70000.0
3F5603CE-027D-422C-8BB9-BF735A81567C,https://lda.senate.gov/filings/public/filing/3f5603ce-027d-422c-8bb9-bf735a81567c/print/,,NCR,NCR Corporation,"TROUTMAN SANDERS PUBLIC AFFAIRS GROUP, LLC",FALSE,THIRD QUARTER REPORT,3rd Quarter (July 1 - Sep 30),20000.0
2DC52FF7-8913-42EA-9B39-5ECC43928727,https://lda.senate.gov/filings/public/filing/2dc52ff7-8913-42ea-9b39-5ecc43928727/print/,,NCR,NCR Corporation,"Cassidy & Associates, Inc.",FALSE,THIRD QUARTER REPORT,3rd Quarter (July 1 - Sep 30),30000.0
D98D6A58-21A9-4709-A455-DA4882D756DD,https://lda.senate.gov/filings/public/filing/d98d6a58-21a9-4709-a455-da4882d756dd/print/,,NCR,NCR Corporation,NCR Corporation,TRUE,THIRD QUARTER REPORT,3rd Quarter (July 1 - Sep 30),60000.0
05E51A4E-150B-40DA-836A-AA22C8B707BA,https://lda.senate.gov/filings/public/filing/05e51a4e-150b-40da-836a-aa22c8b707ba/print/,,NCR,NCR Corporation,"TROUTMAN PEPPER STRATEGIES (fka TROUTMAN SANDERS PUBLIC AFFAIRS GROUP, LLC)",FALSE,FOURTH QUARTER REPORT,4th Quarter (Oct 1 - Dec 31),20000.0
6B8F6277-1F3D-4BA2-B236-17DD33AC7936,https://lda.senate.gov/filings/public/filing/6b8f6277-1f3d-4ba2-b236-17dd33ac7936/print/,,NCR,NCR Corporation,"Cassidy & Associates, Inc.",FALSE,FOURTH QUARTER REPORT,4th Quarter (Oct 1 - Dec 31),40000.0
865641F2-AE54-43D6-A9E9-4A5BBE41A593,https://lda.senate.gov/filings/public/filing/865641f2-ae54-43d6-a9e9-4a5bbe41a593/print/,,NCR,NCR Corporation,NCR Corporation,TRUE,FOURTH QUARTER REPORT,4th Quarter (Oct 1 - Dec 31),60000.0
6466B5B0-2037-47B4-9D7B-16C3933F5299,https://lda.senate.gov/filings/public/filing/6466b5b0-2037-47b4-9d7b-16c3933f5299/print/,,NEUSTAR,Neustar,"Perry Bayliss Government Relations, LLC",FALSE,FIRST QUARTER REPORT,1st Quarter (Jan 1 - Mar 31),37500.0
F2965A17-6CA6-4338-97F2-19C4C9188C13,https://lda.senate.gov/filings/public/filing/f2965a17-6ca6-4338-97f2-19c4c9188c13/print/,,NEUSTAR,Neustar,"Perry Bayliss Government Relations, LLC",FALSE,SECOND QUARTER REPORT,2nd Quarter (Apr 1 - June 30),37500.0
0D723FC2-5F95-4821-A6B7-8059FA4FE2C7,https://lda.senate.gov/filings/public/filing/0d723fc2-5f95-4821-a6b7-8059fa4fe2c7/print/,,NEUSTAR,Neustar,"Perry Bayliss Government Relations, LLC",FALSE,THIRD QUARTER REPORT,3rd Quarter (July 1 - Sep 30),37500.0
994FF66D-D705-4BA4-9C48-3C22DE217F75,https://lda.senate.gov/filings/public/filing/994ff66d-d705-4ba4-9c48-3c22de217f75/print/,,NEUSTAR,Neustar,"Perry Bayliss Government Relations, LLC",FALSE,FOURTH QUARTER REPORT,4th Quarter (Oct 1 - Dec 31),37500.0
20788086-E19D-4942-8A53-C575946D3A4C,https://lda.senate.gov/filings/public/filing/20788086-e19d-4942-8a53-c575946d3a4c/print/,,ORACLE,LIVINGSTON GROUP (ON BEHALF OF ORACLE),The Tim Hugo Group,FALSE,FIRST QUARTER (NO ACTIVITY),1st Quarter (Jan 1 - Mar 31),15000.0
93B1E8ED-DF7E-4A88-8479-481A7110373B,https://lda.senate.gov/filings/public/filing/93b1e8ed-df7e-4a88-8479-481a7110373b/print/,,ORACLE,ORACLE CORPORATION,American Continental Group,FALSE,FIRST QUARTER REPORT,1st Quarter (Jan 1 - Mar 31),60000.0
12FC8571-A0E0-488B-BDF2-C86DB0FB24A1,https://lda.senate.gov/filings/public/filing/12fc8571-a0e0-488b-bdf2-c86db0fb24a1/print/,,ORACLE,Oracle Corporation,"POLARIS GOVERNMENT RELATIONS, LLC",FALSE,FIRST QUARTER REPORT,1st Quarter (Jan 1 - Mar 31),60000.0
62AEECD8-DF4E-487B-9BDF-987863110E53,https://lda.senate.gov/filings/public/filing/62aeecd8-df4e-487b-9bdf-987863110e53/print/,,ORACLE,Oracle Corporation,The Michael Lewan Company,FALSE,FIRST QUARTER REPORT,1st Quarter (Jan 1 - Mar 31),60000.0
E95E8A3D-3345-4C28-9CB9-803AA3BB3827,https://lda.senate.gov/filings/public/filing/e95e8a3d-3345-4c28-9cb9-803aa3bb3827/print/,,ORACLE,Oracle,Forbes-Tate,FALSE,FIRST QUARTER REPORT,1st Quarter (Jan 1 - Mar 31),80000.0
D28C6396-4B99-4491-84D3-9191D8854278,https://lda.senate.gov/filings/public/filing/d28c6396-4b99-4491-84d3-9191d8854278/print/,,ORACLE,ORACLE,Capitol Hill Consulting Group,FALSE,FIRST QUARTER REPORT,1st Quarter (Jan 1 - Mar 31),80000.0
F27ED053-AFBC-491D-8B07-084D7E4AEBCE,https://lda.senate.gov/filings/public/filing/f27ed053-afbc-491d-8b07-084d7e4aebce/print/,,ORACLE,ORACLE CORPORATION,"THE LIVINGSTON GROUP, L.L.C.",FALSE,FIRST QUARTER REPORT,1st Quarter (Jan 1 - Mar 31),80000.0
B8693359-FD85-430D-ABA7-9B099BCA5D92,https://lda.senate.gov/filings/public/filing/b8693359-fd85-430d-aba7-9b099bca5d92/print/,,ORACLE,Oracle Corporation,"The Nickles Group, LLC",FALSE,FIRST QUARTER REPORT,1st Quarter (Jan 1 - Mar 31),90000.0
2F8BF710-177B-4FA3-9357-236BC605DB7E,https://lda.senate.gov/filings/public/filing/2f8bf710-177b-4fa3-9357-236bc605db7e/print/,,ORACLE,Oracle Corporation,Fierce Government Relations,FALSE,FIRST QUARTER REPORT,1st Quarter (Jan 1 - Mar 31),130000.0
999B2EAE-9378-426B-9C64-FBAAB127E881,https://lda.senate.gov/filings/public/filing/999b2eae-9378-426b-9c64-fbaab127e881/print/,,ORACLE,ORACLE CORPORATION,Oracle Corporation,TRUE,FIRST QUARTER REPORT,1st Quarter (Jan 1 - Mar 31),1890000.0
3FB54B56-7892-469B-948A-836E9C29BC6C,https://lda.senate.gov/filings/public/filing/3fb54b56-7892-469b-948a-836e9c29bc6c/print/,,ORACLE,LIVINGSTON GROUP (ON BEHALF OF ORACLE),The Tim Hugo Group,FALSE,SECOND QUARTER (NO ACTIVITY),2nd Quarter (Apr 1 - June 30),10000.0
9E1D8F8E-C036-4ED2-B01C-FB4CE6CC9C6A,https://lda.senate.gov/filings/public/filing/9e1d8f8e-c036-4ed2-b01c-fb4ce6cc9c6a/print/,,ORACLE,Oracle Corporation,"POLARIS GOVERNMENT RELATIONS, LLC",FALSE,SECOND QUARTER REPORT,2nd Quarter (Apr 1 - June 30),60000.0
24878ED7-3A56-42B8-8DF3-3CA3A9F57245,https://lda.senate.gov/filings/public/filing/24878ed7-3a56-42b8-8df3-3ca3a9f57245/print/,,ORACLE,ORACLE CORPORATION,American Continental Group,FALSE,SECOND QUARTER REPORT,2nd Quarter (Apr 1 - June 30),60000.0
F84E2FD2-888C-40B9-BFB6-C29DD508B3A1,https://lda.senate.gov/filings/public/filing/f84e2fd2-888c-40b9-bfb6-c29dd508b3a1/print/,,ORACLE,Oracle Corporation,The Michael Lewan Company,FALSE,SECOND QUARTER REPORT,2nd Quarter (Apr 1 - June 30),60000.0
CFB3742C-8A33-4D0D-A990-24C3608DB88F,https://lda.senate.gov/filings/public/filing/cfb3742c-8a33-4d0d-a990-24c3608db88f/print/,,ORACLE,ORACLE,Capitol Hill Consulting Group,FALSE,SECOND QUARTER REPORT,2nd Quarter (Apr 1 - June 30),80000.0
94452A48-C234-45B0-82B2-1E4A80B5938E,https://lda.senate.gov/filings/public/filing/94452a48-c234-45b0-82b2-1e4a80b5938e/print/,,ORACLE,Oracle,Forbes-Tate,FALSE,SECOND QUARTER REPORT,2nd Quarter (Apr 1 - June 30),80000.0
499AF0FB-B834-4642-9676-4A1996D7ADAC,https://lda.senate.gov/filings/public/filing/499af0fb-b834-4642-9676-4a1996d7adac/print/,,ORACLE,ORACLE CORPORATION,"The Livingston Group, LLC",FALSE,SECOND QUARTER REPORT,2nd Quarter (Apr 1 - June 30),80000.0
D654FD2E-E8AC-496E-8E17-46734548ADAE,https://lda.senate.gov/filings/public/filing/d654fd2e-e8ac-496e-8e17-46734548adae/print/,,ORACLE,Oracle Corporation,"The Nickles Group, LLC",FALSE,SECOND QUARTER REPORT,2nd Quarter (Apr 1 - June 30),90000.0
EEF2D6FB-0210-43AB-80E4-9886EE8780FB,https://lda.senate.gov/filings/public/filing/eef2d6fb-0210-43ab-80e4-9886ee8780fb/print/,,ORACLE,Oracle Corporation,Fierce Government Relations,FALSE,SECOND QUARTER REPORT,2nd Quarter (Apr 1 - June 30),110000.0
EC505531-E25F-4F9E-BE2E-555EC17C0C51,https://lda.senate.gov/filings/public/filing/ec505531-e25f-4f9e-be2e-555ec17c0c51/print/,,ORACLE,ORACLE CORPORATION,Oracle Corporation,TRUE,SECOND QUARTER REPORT,2nd Quarter (Apr 1 - June 30),1780000.0
BC05C89B-236C-40DC-BF7F-0E5E4B3ECFED,https://lda.senate.gov/filings/public/filing/bc05c89b-236c-40dc-bf7f-0e5e4b3ecfed/print/,,ORACLE,LIVINGSTON GROUP (ON BEHALF OF ORACLE),The Tim Hugo Group,FALSE,THIRD QUARTER (NO ACTIVITY),3rd Quarter (July 1 - Sep 30),20000.0
88130D45-2B18-4AA6-A840-CB9ED4B60095,https://lda.senate.gov/filings/public/filing/88130d45-2b18-4aa6-a840-cb9ed4b60095/print/,,ORACLE,ORACLE CORPORATION,American Continental Group,FALSE,THIRD QUARTER REPORT,3rd Quarter (July 1 - Sep 30),60000.0
907C3EB9-C811-42C7-9BA9-F1215A113F6A,https://lda.senate.gov/filings/public/filing/907c3eb9-c811-42c7-9ba9-f1215a113f6a/print/,,ORACLE,Oracle Corporation,Fierce Government Relations,FALSE,THIRD QUARTER TERMINATION,3rd Quarter (July 1 - Sep 30),60000.0
B810A344-121A-41BF-9867-1E1D68565EAA,https://lda.senate.gov/filings/public/filing/b810a344-121a-41bf-9867-1e1d68565eaa/print/,,ORACLE,Oracle Corporation,"POLARIS GOVERNMENT RELATIONS, LLC",FALSE,THIRD QUARTER REPORT,3rd Quarter (July 1 - Sep 30),60000.0
100529FC-AB66-4C6F-A37F-21EAA25ED9CE,https://lda.senate.gov/filings/public/filing/100529fc-ab66-4c6f-a37f-21eaa25ed9ce/print/,,ORACLE,Oracle Corporation,The Michael Lewan Company,FALSE,THIRD QUARTER REPORT,3rd Quarter (July 1 - Sep 30),60000.0
FBAA215A-22BD-4CE8-B8DA-AD877DAB2605,https://lda.senate.gov/filings/public/filing/fbaa215a-22bd-4ce8-b8da-ad877dab2605/print/,,ORACLE,ORACLE,Capitol Hill Consulting Group,FALSE,THIRD QUARTER REPORT,3rd Quarter (July 1 - Sep 30),80000.0
1B2BA587-F371-436F-A24C-957CACDF1616,https://lda.senate.gov/filings/public/filing/1b2ba587-f371-436f-a24c-957cacdf1616/print/,,ORACLE,ORACLE CORPORATION,"THE LIVINGSTON GROUP, L.L.C.",FALSE,THIRD QUARTER REPORT,3rd Quarter (July 1 - Sep 30),80000.0
8C452EFE-3E15-4D46-843C-686AD50C50C9,https://lda.senate.gov/filings/public/filing/8c452efe-3e15-4d46-843c-686ad50c50c9/print/,,ORACLE,Oracle,Forbes-Tate,FALSE,THIRD QUARTER REPORT,3rd Quarter (July 1 - Sep 30),80000.0
12087496-24E5-403F-89C8-ED985569CAAC,https://lda.senate.gov/filings/public/filing/12087496-24e5-403f-89c8-ed985569caac/print/,,ORACLE,Oracle Corporation,"The Nickles Group, LLC",FALSE,THIRD QUARTER REPORT,3rd Quarter (July 1 - Sep 30),90000.0
9B1F45D3-C14E-4D5D-9D8D-8CA724C4C3B4,https://lda.senate.gov/filings/public/filing/9b1f45d3-c14e-4d5d-9d8d-8ca724c4c3b4/print/,,ORACLE,ORACLE CORPORATION,Oracle Corporation,TRUE,THIRD QUARTER REPORT,3rd Quarter (July 1 - Sep 30),1870000.0
B51A7F3E-81F8-45F7-B4FF-991515B32F0D,https://lda.senate.gov/filings/public/filing/b51a7f3e-81f8-45f7-b4ff-991515b32f0d/print/,,ORACLE,LIVINGSTON GROUP (ON BEHALF OF ORACLE),The Tim Hugo Group,FALSE,FOURTH QUARTER (NO ACTIVITY),4th Quarter (Oct 1 - Dec 31),15000.0
D2CBD682-851A-4BFF-B841-D7BCC7546CA3,https://lda.senate.gov/filings/public/filing/d2cbd682-851a-4bff-b841-d7bcc7546ca3/print/,,ORACLE,ORACLE,Capitol Hill Consulting Group,FALSE,FOURTH QUARTER TERMINATION,4th Quarter (Oct 1 - Dec 31),50000.0
A786DA54-9617-47B6-B86D-C1646E17CBF6,https://lda.senate.gov/filings/public/filing/a786da54-9617-47b6-b86d-c1646e17cbf6/print/,,ORACLE,Oracle Corporation,"POLARIS GOVERNMENT RELATIONS, LLC",FALSE,FOURTH QUARTER REPORT,4th Quarter (Oct 1 - Dec 31),60000.0
4E2A8391-A0F9-4AEF-BB6D-3915A8A07036,https://lda.senate.gov/filings/public/filing/4e2a8391-a0f9-4aef-bb6d-3915a8a07036/print/,,ORACLE,ORACLE CORPORATION,American Continental Group,FALSE,FOURTH QUARTER REPORT,4th Quarter (Oct 1 - Dec 31),60000.0
DCB2A977-1915-421C-82B1-8B1D483D49BD,https://lda.senate.gov/filings/public/filing/dcb2a977-1915-421c-82b1-8b1d483d49bd/print/,,ORACLE,Oracle Corporation,The Michael Lewan Company,FALSE,FOURTH QUARTER REPORT,4th Quarter (Oct 1 - Dec 31),60000.0
2C5A22FB-4577-4BF1-B113-2E230ADE09DE,https://lda.senate.gov/filings/public/filing/2c5a22fb-4577-4bf1-b113-2e230ade09de/print/,,ORACLE,Oracle,Forbes-Tate,FALSE,FOURTH QUARTER REPORT,4th Quarter (Oct 1 - Dec 31),80000.0
799A1FDC-E12B-4C82-9A01-829823BABFFA,https://lda.senate.gov/filings/public/filing/799a1fdc-e12b-4c82-9a01-829823babffa/print/,,ORACLE,ORACLE CORPORATION,"The Livingston Group, LLC",FALSE,FOURTH QUARTER REPORT,4th Quarter (Oct 1 - Dec 31),80000.0
43D1ABC9-84E3-4E98-B180-25FFEDBA2652,https://lda.senate.gov/filings/public/filing/43d1abc9-84e3-4e98-b180-25ffedba2652/print/,,ORACLE,Oracle Corporation,"The Nickles Group, LLC",FALSE,FOURTH QUARTER REPORT,4th Quarter (Oct 1 - Dec 31),90000.0
4E66035C-5623-486A-9EF2-E0A227099F2A,https://lda.senate.gov/filings/public/filing/4e66035c-5623-486a-9ef2-e0a227099f2a/print/,,ORACLE,ORACLE CORPORATION,Oracle Corporation,TRUE,FOURTH QUARTER REPORT,4th Quarter (Oct 1 - Dec 31),2530000.0
6500675B-006D-4EA8-9948-8E17C5D21592,https://lda.senate.gov/filings/public/filing/6500675b-006d-4ea8-9948-8e17c5d21592/print/,ORACLE,ORACLE AMERICA,"Oracle America, Inc.","Roberti Global (fka Roberti White, LLC)",FALSE,FIRST QUARTER REPORT,1st Quarter (Jan 1 - Mar 31),30000.0
18F8F3F6-0356-4C81-830F-26F732261EAC,https://lda.senate.gov/filings/public/filing/18f8f3f6-0356-4c81-830f-26f732261eac/print/,ORACLE,ORACLE AMERICA,Oracle American Inc.,Cove Strategies,FALSE,FIRST QUARTER REPORT,1st Quarter (Jan 1 - Mar 31),50000.0
6F4DA634-55A9-46C2-AC01-108FA90A74D6,https://lda.senate.gov/filings/public/filing/6f4da634-55a9-46c2-ac01-108fa90a74d6/print/,ORACLE,ORACLE AMERICA,"Oracle America, Inc.",PutalaStrategies,FALSE,FIRST QUARTER REPORT,1st Quarter (Jan 1 - Mar 31),60000.0
95A33FE2-1C51-4208-BC5D-2BEBA89D18DB,https://lda.senate.gov/filings/public/filing/95a33fe2-1c51-4208-bc5d-2beba89d18db/print/,ORACLE,ORACLE AMERICA,"Oracle America, Inc.",KLEIN/JOHNSON GROUP,FALSE,FIRST QUARTER REPORT,1st Quarter (Jan 1 - Mar 31),80000.0
1215CF62-7081-435B-BD9D-27C99DE37C55,https://lda.senate.gov/filings/public/filing/1215cf62-7081-435b-bd9d-27c99de37c55/print/,ORACLE,ORACLE AMERICA,"Oracle America, Inc.","Navigators Global LLC (Formerly DC Navigators, LLC)",FALSE,FIRST QUARTER REPORT,1st Quarter (Jan 1 - Mar 31),90000.0
DB9968A6-CFE1-4E2F-B5D1-EDBA33BD3D35,https://lda.senate.gov/filings/public/filing/db9968a6-cfe1-4e2f-b5d1-edba33bd3d35/print/,ORACLE,ORACLE AMERICA,"Oracle America, Inc.","Roberti Global (fka Roberti White, LLC)",FALSE,SECOND QUARTER REPORT,2nd Quarter (Apr 1 - June 30),30000.0
B4D3FEE4-BF23-4A97-A904-6CE4C970B92B,https://lda.senate.gov/filings/public/filing/b4d3fee4-bf23-4a97-a904-6ce4c970b92b/print/,ORACLE,ORACLE AMERICA,Oracle American Inc.,Cove Strategies,FALSE,SECOND QUARTER REPORT,2nd Quarter (Apr 1 - June 30),50000.0
BD9BB38A-B215-44C3-A6F8-989498D9E784,https://lda.senate.gov/filings/public/filing/bd9bb38a-b215-44c3-a6f8-989498d9e784/print/,ORACLE,ORACLE AMERICA,"Oracle America, Inc.",PutalaStrategies,FALSE,SECOND QUARTER REPORT,2nd Quarter (Apr 1 - June 30),60000.0
13477888-5CE7-4571-9DBB-C0302B6A4FE8,https://lda.senate.gov/filings/public/filing/13477888-5ce7-4571-9dbb-c0302b6a4fe8/print/,ORACLE,ORACLE AMERICA,"Oracle America, Inc.",KLEIN/JOHNSON GROUP,FALSE,SECOND QUARTER REPORT,2nd Quarter (Apr 1 - June 30),80000.0
C6EC044A-FA06-46DB-AF76-9F71D2A649B0,https://lda.senate.gov/filings/public/filing/c6ec044a-fa06-46db-af76-9f71d2a649b0/print/,ORACLE,ORACLE AMERICA,"Oracle America, Inc.","Navigators Global LLC (Formerly DC Navigators, LLC)",FALSE,SECOND QUARTER REPORT,2nd Quarter (Apr 1 - June 30),90000.0
1D4FDAA2-E358-4B76-8D21-265AD2A28328,https://lda.senate.gov/filings/public/filing/1d4fdaa2-e358-4b76-8d21-265ad2a28328/print/,ORACLE,ORACLE AMERICA,Oracle American Inc.,Cove Strategies,FALSE,THIRD QUARTER REPORT,3rd Quarter (July 1 - Sep 30),50000.0
9262910C-214D-46AC-9454-B8404A180417,https://lda.senate.gov/filings/public/filing/9262910c-214d-46ac-9454-b8404a180417/print/,ORACLE,ORACLE AMERICA,"Oracle America, Inc.","BROWNSTEIN HYATT FARBER SCHRECK, LLP",FALSE,THIRD QUARTER REPORT,3rd Quarter (July 1 - Sep 30),60000.0
A7FFCC51-774B-412D-B265-347570F212EB,https://lda.senate.gov/filings/public/filing/a7ffcc51-774b-412d-b265-347570f212eb/print/,ORACLE,ORACLE AMERICA,"Oracle America, Inc.",PutalaStrategies,FALSE,THIRD QUARTER REPORT,3rd Quarter (July 1 - Sep 30),60000.0
35FEDB17-9AB7-4BAE-B554-193E312741BF,https://lda.senate.gov/filings/public/filing/35fedb17-9ab7-4bae-b554-193e312741bf/print/,ORACLE,ORACLE AMERICA,"Oracle America, Inc.","Innovative Policy, PLLC",FALSE,THIRD QUARTER REPORT,3rd Quarter (July 1 - Sep 30),60000.0
8BC9F76F-138A-44F7-8328-5798C562D93D,https://lda.senate.gov/filings/public/filing/8bc9f76f-138a-44f7-8328-5798c562d93d/print/,ORACLE,ORACLE AMERICA,"Oracle America, Inc.",KLEIN/JOHNSON GROUP,FALSE,THIRD QUARTER REPORT,3rd Quarter (July 1 - Sep 30),80000.0
C2403ACA-FF61-484A-B97C-DBC543096A87,https://lda.senate.gov/filings/public/filing/c2403aca-ff61-484a-b97c-dbc543096a87/print/,ORACLE,ORACLE AMERICA,"Oracle America, Inc.","Navigators Global LLC (Formerly DC Navigators, LLC)",FALSE,THIRD QUARTER REPORT,3rd Quarter (July 1 - Sep 30),90000.0
01C33C59-16A1-42BA-9726-F7BAC71447DD,https://lda.senate.gov/filings/public/filing/01c33c59-16a1-42ba-9726-f7bac71447dd/print/,ORACLE,ORACLE AMERICA,Oracle American Inc.,Cove Strategies,FALSE,FOURTH QUARTER REPORT,4th Quarter (Oct 1 - Dec 31),50000.0
671C47E4-9BDA-44A5-8ED9-E91EB3B75F1E,https://lda.senate.gov/filings/public/filing/671c47e4-9bda-44a5-8ed9-e91eb3b75f1e/print/,ORACLE,ORACLE AMERICA,"Oracle America, Inc.","Innovative Policy, PLLC",FALSE,FOURTH QUARTER REPORT,4th Quarter (Oct 1 - Dec 31),60000.0
E6950764-1B8A-4061-B8F8-5AFD17DDE1A1,https://lda.senate.gov/filings/public/filing/e6950764-1b8a-4061-b8f8-5afd17dde1a1/print/,ORACLE,ORACLE AMERICA,"Oracle America, Inc.","BROWNSTEIN HYATT FARBER SCHRECK, LLP",FALSE,FOURTH QUARTER REPORT,4th Quarter (Oct 1 - Dec 31),60000.0
1DE32FA9-0F78-46F0-A871-09C987B7140A,https://lda.senate.gov/filings/public/filing/1de32fa9-0f78-46f0-a871-09c987b7140a/print/,ORACLE,ORACLE AMERICA,"Oracle America, Inc.",PutalaStrategies,FALSE,FOURTH QUARTER REPORT,4th Quarter (Oct 1 - Dec 31),60000.0
71CAB0C4-AA0C-4054-A145-DA462F69ACD9,https://lda.senate.gov/filings/public/filing/71cab0c4-aa0c-4054-a145-da462f69acd9/print/,ORACLE,ORACLE AMERICA,"Oracle America, Inc.",KLEIN/JOHNSON GROUP,FALSE,FOURTH QUARTER REPORT,4th Quarter (Oct 1 - Dec 31),80000.0
30A4ED1D-6FA0-4CEF-8DF6-4D104BF783CA,https://lda.senate.gov/filings/public/filing/30a4ed1d-6fa0-4cef-8df6-4d104bf783ca/print/,ORACLE,ORACLE AMERICA,Oracle America Inc.,VENN STRATEGIES,FALSE,FOURTH QUARTER AMENDMENT,4th Quarter (Oct 1 - Dec 31),80000.0
FD5A287C-0A13-469B-8F02-14F8E5F867A7,https://lda.senate.gov/filings/public/filing/fd5a287c-0a13-469b-8f02-14f8e5f867a7/print/,ORACLE,ORACLE AMERICA,"Oracle America, Inc.","Navigators Global LLC (Formerly DC Navigators, LLC)",FALSE,FOURTH QUARTER REPORT,4th Quarter (Oct 1 - Dec 31),90000.0
80CED598-6053-44A2-BEC2-CCD15B9F44DB,https://lda.senate.gov/filings/public/filing/80ced598-6053-44a2-bec2-ccd15b9f44db/print/,,PRICEWATERHOUSECOOPERS,PricewaterhouseCoopers LLP,Sternhell Group,FALSE,FIRST QUARTER REPORT,1st Quarter (Jan 1 - Mar 31),30000.0
6E5C37DA-2853-4A25-981F-81BBF0DB7850,https://lda.senate.gov/filings/public/filing/6e5c37da-2853-4a25-981f-81bbf0db7850/print/,,PRICEWATERHOUSECOOPERS,PriceWaterhouseCoopers,"Cypress Advocacy, LLC",FALSE,FIRST QUARTER REPORT,1st Quarter (Jan 1 - Mar 31),30000.0
4EF12578-8801-433E-BEF1-D5747B3A0612,https://lda.senate.gov/filings/public/filing/4ef12578-8801-433e-bef1-d5747b3a0612/print/,,PRICEWATERHOUSECOOPERS,"Pricewaterhouse Coopers, LLP",Baker & Hostetler LLP,FALSE,FIRST QUARTER REPORT,1st Quarter (Jan 1 - Mar 31),50000.0
864592F6-999E-4610-84A9-0C0AFEC5B8CA,https://lda.senate.gov/filings/public/filing/864592f6-999e-4610-84a9-0c0afec5b8ca/print/,,PRICEWATERHOUSECOOPERS,PricewaterhouseCoopers LLP,DALY CONSULTING GROUP,FALSE,FIRST QUARTER REPORT,1st Quarter (Jan 1 - Mar 31),60000.0
8D185ECE-7AAE-4875-A9A0-FD4F0BBB154E,https://lda.senate.gov/filings/public/filing/8d185ece-7aae-4875-a9a0-fd4f0bbb154e/print/,,PRICEWATERHOUSECOOPERS,PricewaterhouseCoopers LLP,"BROWNSTEIN HYATT FARBER SCHRECK, LLP",FALSE,FIRST QUARTER REPORT,1st Quarter (Jan 1 - Mar 31),80000.0
84A549E9-ABD4-4F77-816A-3705CF95D2F1,https://lda.senate.gov/filings/public/filing/84a549e9-abd4-4f77-816a-3705cf95d2f1/print/,,PRICEWATERHOUSECOOPERS,PRICEWATERHOUSECOOPERS,PRICEWATERHOUSECOOPERS,TRUE,FIRST QUARTER REPORT,1st Quarter (Jan 1 - Mar 31),710000.0
629A46A6-EE2E-4DFB-965A-92FBB4683B77,https://lda.senate.gov/filings/public/filing/629a46a6-ee2e-4dfb-965a-92fbb4683b77/print/,,PRICEWATERHOUSECOOPERS,PricewaterhouseCoopers LLP,Sternhell Group,FALSE,SECOND QUARTER REPORT,2nd Quarter (Apr 1 - June 30),30000.0
0152BCF0-2267-41BC-9A2E-5DFBB525FB63,https://lda.senate.gov/filings/public/filing/0152bcf0-2267-41bc-9a2e-5dfbb525fb63/print/,,PRICEWATERHOUSECOOPERS,PriceWaterhouseCoopers,"Cypress Advocacy, LLC",FALSE,SECOND QUARTER REPORT,2nd Quarter (Apr 1 - June 30),30000.0
230CDE14-3214-463A-B145-7DD2248AF761,https://lda.senate.gov/filings/public/filing/230cde14-3214-463a-b145-7dd2248af761/print/,,PRICEWATERHOUSECOOPERS,PricewaterhouseCoopers LLP,"MEHLMAN CASTAGNETTI ROSEN & THOMAS, INC.",FALSE,SECOND QUARTER REPORT,2nd Quarter (Apr 1 - June 30),50000.0
238C2070-AC9D-43F3-B006-60218DC0B8DD,https://lda.senate.gov/filings/public/filing/238c2070-ac9d-43f3-b006-60218dc0b8dd/print/,,PRICEWATERHOUSECOOPERS,"Pricewaterhouse Coopers, LLP",Baker & Hostetler LLP,FALSE,SECOND QUARTER REPORT,2nd Quarter (Apr 1 - June 30),50000.0
D040E80F-E932-4DD0-A9BD-777C3E37087D,https://lda.senate.gov/filings/public/filing/d040e80f-e932-4dd0-a9bd-777c3e37087d/print/,,PRICEWATERHOUSECOOPERS,PricewaterhouseCoopers LLP,DALY CONSULTING GROUP,FALSE,SECOND QUARTER REPORT,2nd Quarter (Apr 1 - June 30),60000.0
553C2F21-8EE2-426B-AB90-A134921FA148,https://lda.senate.gov/filings/public/filing/553c2f21-8ee2-426b-ab90-a134921fa148/print/,,PRICEWATERHOUSECOOPERS,PricewaterhouseCoopers LLP,"BROWNSTEIN HYATT FARBER SCHRECK, LLP",FALSE,SECOND QUARTER REPORT,2nd Quarter (Apr 1 - June 30),80000.0
08D5073A-58D2-4825-8A26-37B5505E25F0,https://lda.senate.gov/filings/public/filing/08d5073a-58d2-4825-8a26-37b5505e25f0/print/,,PRICEWATERHOUSECOOPERS,PRICEWATERHOUSECOOPERS,PRICEWATERHOUSECOOPERS,TRUE,SECOND QUARTER REPORT,2nd Quarter (Apr 1 - June 30),690000.0
A8EB551E-55AD-4C28-BC84-051AFCB1B01D,https://lda.senate.gov/filings/public/filing/a8eb551e-55ad-4c28-bc84-051afcb1b01d/print/,,PRICEWATERHOUSECOOPERS,PricewaterhouseCoopers LLP,Sternhell Group,FALSE,THIRD QUARTER REPORT,3rd Quarter (July 1 - Sep 30),30000.0
E6C3CB12-0F3E-4F5A-8766-52F072D57F77,https://lda.senate.gov/filings/public/filing/e6c3cb12-0f3e-4f5a-8766-52f072d57f77/print/,,PRICEWATERHOUSECOOPERS,PriceWaterhouseCoopers,"Cypress Advocacy, LLC",FALSE,THIRD QUARTER REPORT,3rd Quarter (July 1 - Sep 30),30000.0
A1CC60A8-0C40-447D-8E18-2FCFDA12C7C7,https://lda.senate.gov/filings/public/filing/a1cc60a8-0c40-447d-8e18-2fcfda12c7c7/print/,,PRICEWATERHOUSECOOPERS,PricewaterhouseCoopers LLP,"MEHLMAN CASTAGNETTI ROSEN & THOMAS, INC.",FALSE,THIRD QUARTER REPORT,3rd Quarter (July 1 - Sep 30),50000.0
8C330B93-875F-4679-920F-31337B75DABD,https://lda.senate.gov/filings/public/filing/8c330b93-875f-4679-920f-31337b75dabd/print/,,PRICEWATERHOUSECOOPERS,"Pricewaterhouse Coopers, LLP",Baker & Hostetler LLP,FALSE,THIRD QUARTER REPORT,3rd Quarter (July 1 - Sep 30),50000.0
1740A73F-471D-4940-B5F7-1819D0AC4E66,https://lda.senate.gov/filings/public/filing/1740a73f-471d-4940-b5f7-1819d0ac4e66/print/,,PRICEWATERHOUSECOOPERS,PricewaterhouseCoopers LLP,DALY CONSULTING GROUP,FALSE,THIRD QUARTER REPORT,3rd Quarter (July 1 - Sep 30),60000.0
C029D34B-1E63-4B00-A4BE-F4B47DBFC1C8,https://lda.senate.gov/filings/public/filing/c029d34b-1e63-4b00-a4be-f4b47dbfc1c8/print/,,PRICEWATERHOUSECOOPERS,PricewaterhouseCoopers LLP,"BROWNSTEIN HYATT FARBER SCHRECK, LLP",FALSE,THIRD QUARTER REPORT,3rd Quarter (July 1 - Sep 30),80000.0
2401FD28-31AE-4D5D-9762-D0A5087D9FB3,https://lda.senate.gov/filings/public/filing/2401fd28-31ae-4d5d-9762-d0a5087d9fb3/print/,,PRICEWATERHOUSECOOPERS,PRICEWATERHOUSECOOPERS,PRICEWATERHOUSECOOPERS,TRUE,THIRD QUARTER REPORT,3rd Quarter (July 1 - Sep 30),730000.0
4F16F7A7-64FC-4661-8AB4-B80C728CEA81,https://lda.senate.gov/filings/public/filing/4f16f7a7-64fc-4661-8ab4-b80c728cea81/print/,,PRICEWATERHOUSECOOPERS,PricewaterhouseCoopers LLP,Sternhell Group,FALSE,FOURTH QUARTER REPORT,4th Quarter (Oct 1 - Dec 31),30000.0
501D408C-F884-4D8D-847C-2EFD613E122A,https://lda.senate.gov/filings/public/filing/501d408c-f884-4d8d-847c-2efd613e122a/print/,,PRICEWATERHOUSECOOPERS,PriceWaterhouseCoopers,"Cypress Advocacy, LLC",FALSE,FOURTH QUARTER REPORT,4th Quarter (Oct 1 - Dec 31),30000.0
F03B052E-0B61-4780-AEF4-EA8EDAB82CFE,https://lda.senate.gov/filings/public/filing/f03b052e-0b61-4780-aef4-ea8edab82cfe/print/,,PRICEWATERHOUSECOOPERS,PricewaterhouseCoopers LLP,"MEHLMAN CASTAGNETTI ROSEN & THOMAS, INC.",FALSE,FOURTH QUARTER REPORT,4th Quarter (Oct 1 - Dec 31),50000.0
EB208D88-8444-4B95-AF69-47568F85E378,https://lda.senate.gov/filings/public/filing/eb208d88-8444-4b95-af69-47568f85e378/print/,,PRICEWATERHOUSECOOPERS,"Pricewaterhouse Coopers, LLP",Baker & Hostetler LLP,FALSE,FOURTH QUARTER REPORT,4th Quarter (Oct 1 - Dec 31),50000.0
2DD97EBB-C3AE-451B-9AAD-D4E38BE0BEB7,https://lda.senate.gov/filings/public/filing/2dd97ebb-c3ae-451b-9aad-d4e38be0beb7/print/,,PRICEWATERHOUSECOOPERS,PricewaterhouseCoopers LLP,DALY CONSULTING GROUP,FALSE,FOURTH QUARTER REPORT,4th Quarter (Oct 1 - Dec 31),60000.0
1CFF0188-A086-40FF-A6B2-DD7FFB7D39B8,https://lda.senate.gov/filings/public/filing/1cff0188-a086-40ff-a6b2-dd7ffb7d39b8/print/,,PRICEWATERHOUSECOOPERS,PricewaterhouseCoopers LLP,"BROWNSTEIN HYATT FARBER SCHRECK, LLP",FALSE,FOURTH QUARTER REPORT,4th Quarter (Oct 1 - Dec 31),80000.0
40B51462-2763-4D8B-B216-9A874FF24B2A,https://lda.senate.gov/filings/public/filing/40b51462-2763-4d8b-b216-9a874ff24b2a/print/,,PRICEWATERHOUSECOOPERS,PRICEWATERHOUSECOOPERS,PRICEWATERHOUSECOOPERS,TRUE,FOURTH QUARTER REPORT,4th Quarter (Oct 1 - Dec 31),690000.0
ED9B7256-40AB-4BB5-AF7F-73C0262FB5E7,https://lda.senate.gov/filings/public/filing/ed9b7256-40ab-4bb5-af7f-73c0262fb5e7/print/,,QUAD/GRAPHICS,Quad Graphics,Capstone National Partners,FALSE,FIRST QUARTER REPORT,1st Quarter (Jan 1 - Mar 31),30000.0
CADBEAAF-0F85-4C3F-85AA-79A5E3531701,https://lda.senate.gov/filings/public/filing/cadbeaaf-0f85-4c3f-85aa-79a5e3531701/print/,,QUAD/GRAPHICS,Quad Graphics,Capstone National Partners,FALSE,SECOND QUARTER REPORT,2nd Quarter (Apr 1 - June 30),30000.0
153D6574-F995-4306-8CA8-397ED021B927,https://lda.senate.gov/filings/public/filing/153d6574-f995-4306-8ca8-397ed021b927/print/,,QUAD/GRAPHICS,Quad Graphics,Capstone National Partners,FALSE,THIRD QUARTER REPORT,3rd Quarter (July 1 - Sep 30),30000.0
EA63A7F1-6D48-46D5-A73F-ABEA3A937254,https://lda.senate.gov/filings/public/filing/ea63a7f1-6d48-46d5-a73f-abea3a937254/print/,,QUAD/GRAPHICS,Quad Graphics,Capstone National Partners,FALSE,FOURTH QUARTER REPORT,4th Quarter (Oct 1 - Dec 31),30000.0
586B57D3-D673-4B9E-939C-CBEA296A9A7C,https://lda.senate.gov/filings/public/filing/586b57d3-d673-4b9e-939c-cbea296a9a7c/print/,,REFINITIV,Refinitiv,Rich Feuer Anderson,FALSE,FIRST QUARTER REPORT,1st Quarter (Jan 1 - Mar 31),30000.0
7B98394E-5028-4058-AAE9-28CC00536BB7,https://lda.senate.gov/filings/public/filing/7b98394e-5028-4058-aae9-28cc00536bb7/print/,,REFINITIV,Refinitiv,Rich Feuer Anderson,FALSE,SECOND QUARTER REPORT,2nd Quarter (Apr 1 - June 30),30000.0
D3ABE438-7C27-4B04-9B8C-C94C6ADF3729,https://lda.senate.gov/filings/public/filing/d3abe438-7c27-4b04-9b8c-c94c6adf3729/print/,,REFINITIV,Refinitiv,Rich Feuer Anderson,FALSE,THIRD QUARTER REPORT,3rd Quarter (July 1 - Sep 30),30000.0
97FE61BA-0C2E-46BA-9C00-E849749A0895,https://lda.senate.gov/filings/public/filing/97fe61ba-0c2e-46ba-9c00-e849749a0895/print/,,REFINITIV,Refinitiv,Rich Feuer Anderson,FALSE,FOURTH QUARTER REPORT,4th Quarter (Oct 1 - Dec 31),30000.0
FEDFFDEB-07D0-4E4F-87D6-62EDD0E8D88C,https://lda.senate.gov/filings/public/filing/fedffdeb-07d0-4e4f-87d6-62edd0e8d88c/print/,,RELX,RELX Inc.,KLEIN/JOHNSON GROUP,FALSE,FIRST QUARTER REPORT,1st Quarter (Jan 1 - Mar 31),30000.0
DDE57213-AAA2-4AD5-92FC-0433AF6F2A32,https://lda.senate.gov/filings/public/filing/dde57213-aaa2-4ad5-92fc-0433af6f2a32/print/,,RELX,RELX INC (FORMERLY KNOWN AS REED ELSEVIER INC ),"BROWNSTEIN HYATT FARBER SCHRECK, LLP",FALSE,FIRST QUARTER REPORT,1st Quarter (Jan 1 - Mar 31),50000.0
74AC1B9D-A2C0-4EC2-B6AF-091ABFD8B959,https://lda.senate.gov/filings/public/filing/74ac1b9d-a2c0-4ec2-b6af-091abfd8b959/print/,,RELX,RELX INC FORMERLY REED ELSEVIER INC,Thompson Advisory Group,FALSE,FIRST QUARTER REPORT,1st Quarter (Jan 1 - Mar 31),50000.0
C52EC90C-6A83-454C-BDB3-BB52F1CE0FB4,https://lda.senate.gov/filings/public/filing/c52ec90c-6a83-454c-bdb3-bb52f1ce0fb4/print/,,RELX,RELX Inc.,Subject Matter (fka Elmendorf Ryan),FALSE,FIRST QUARTER REPORT,1st Quarter (Jan 1 - Mar 31),60000.0
C8134199-A6EA-4E7C-BD9F-1E30F64A3F85,https://lda.senate.gov/filings/public/filing/c8134199-a6ea-4e7c-bd9f-1e30f64a3f85/print/,,RELX,RELX Inc. (fka Reed Elsevier Inc.),"HEALTH POLICY SOURCE, INC.",FALSE,FIRST QUARTER REPORT,1st Quarter (Jan 1 - Mar 31),80000.0
03EDAB0C-442A-4CB2-A598-E8AD2124DD4D,https://lda.senate.gov/filings/public/filing/03edab0c-442a-4cb2-a598-e8ad2124dd4d/print/,,RELX,RELX INC,RELX Inc.,TRUE,FIRST QUARTER REPORT,1st Quarter (Jan 1 - Mar 31),650000.0
746A5C5E-2117-4F52-8736-26ABCD196240,https://lda.senate.gov/filings/public/filing/746a5c5e-2117-4f52-8736-26abcd196240/print/,,RELX,RELX Inc.,KLEIN/JOHNSON GROUP,FALSE,SECOND QUARTER REPORT,2nd Quarter (Apr 1 - June 30),30000.0
AACF2596-FAEF-4065-8073-36D8180D31D4,https://lda.senate.gov/filings/public/filing/aacf2596-faef-4065-8073-36d8180d31d4/print/,,RELX,RELX INC FORMERLY REED ELSEVIER INC,Thompson Advisory Group,FALSE,SECOND QUARTER REPORT,2nd Quarter (Apr 1 - June 30),50000.0
13C46C0C-7865-4E78-8364-48BE1CB60187,https://lda.senate.gov/filings/public/filing/13c46c0c-7865-4e78-8364-48be1cb60187/print/,,RELX,RELX INC,"BROWNSTEIN HYATT FARBER SCHRECK, LLP",FALSE,SECOND QUARTER REPORT,2nd Quarter (Apr 1 - June 30),50000.0
6B4D3FBD-81C6-4137-970B-81336F8699CC,https://lda.senate.gov/filings/public/filing/6b4d3fbd-81c6-4137-970b-81336f8699cc/print/,,RELX,RELX Inc.,Subject Matter (fka Elmendorf Ryan),FALSE,SECOND QUARTER REPORT,2nd Quarter (Apr 1 - June 30),60000.0
39234D65-A7B3-4463-9F11-990BD7E6A0FB,https://lda.senate.gov/filings/public/filing/39234d65-a7b3-4463-9f11-990bd7e6a0fb/print/,,RELX,RELX Inc. (fka Reed Elsevier Inc.),"HEALTH POLICY SOURCE, INC.",FALSE,SECOND QUARTER REPORT,2nd Quarter (Apr 1 - June 30),80000.0
7308618B-1F59-4B43-9E37-4222B7D30237,https://lda.senate.gov/filings/public/filing/7308618b-1f59-4b43-9e37-4222b7d30237/print/,,RELX,RELX INC,RELX Inc.,TRUE,SECOND QUARTER REPORT,2nd Quarter (Apr 1 - June 30),580000.0
AFFB2F17-8A63-4CD7-A52A-0E14A8970888,https://lda.senate.gov/filings/public/filing/affb2f17-8a63-4cd7-a52a-0e14a8970888/print/,,RELX,RELX Inc.,KLEIN/JOHNSON GROUP,FALSE,THIRD QUARTER REPORT,3rd Quarter (July 1 - Sep 30),30000.0
BF4FD6BE-A895-4599-B51B-3AECC93EF20B,https://lda.senate.gov/filings/public/filing/bf4fd6be-a895-4599-b51b-3aecc93ef20b/print/,,RELX,RELX INC,"BROWNSTEIN HYATT FARBER SCHRECK, LLP",FALSE,THIRD QUARTER REPORT,3rd Quarter (July 1 - Sep 30),50000.0
BDD75A98-268B-4D1B-8F58-8A8ABEAF5CCB,https://lda.senate.gov/filings/public/filing/bdd75a98-268b-4d1b-8f58-8a8abeaf5ccb/print/,,RELX,RELX INC,Thompson Advisory Group,FALSE,THIRD QUARTER REPORT,3rd Quarter (July 1 - Sep 30),50000.0
51C591F9-2434-4A2F-9784-130B65DAFD34,https://lda.senate.gov/filings/public/filing/51c591f9-2434-4a2f-9784-130b65dafd34/print/,,RELX,RELX Inc.,Subject Matter (fka Elmendorf Ryan),FALSE,THIRD QUARTER REPORT,3rd Quarter (July 1 - Sep 30),60000.0
84257AF3-D4DE-4430-AF08-15960B954F29,https://lda.senate.gov/filings/public/filing/84257af3-d4de-4430-af08-15960b954f29/print/,,RELX,RELX INC,"HEALTH POLICY SOURCE, INC.",FALSE,THIRD QUARTER REPORT,3rd Quarter (July 1 - Sep 30),80000.0
FEBD247A-F060-468B-8274-6994EF662033,https://lda.senate.gov/filings/public/filing/febd247a-f060-468b-8274-6994ef662033/print/,,RELX,RELX INC,RELX Inc.,TRUE,THIRD QUARTER REPORT,3rd Quarter (July 1 - Sep 30),450000.0
A429E164-56FC-4E43-BEC4-F89D528DBB57,https://lda.senate.gov/filings/public/filing/a429e164-56fc-4e43-bec4-f89d528dbb57/print/,,RELX,RELX Inc.,KLEIN/JOHNSON GROUP,FALSE,FOURTH QUARTER REPORT,4th Quarter (Oct 1 - Dec 31),30000.0
90F70090-48A2-4486-BE55-A42A26702238,https://lda.senate.gov/filings/public/filing/90f70090-48a2-4486-be55-a42a26702238/print/,,RELX,RELX INC,Thompson Advisory Group,FALSE,FOURTH QUARTER REPORT,4th Quarter (Oct 1 - Dec 31),50000.0
3F85335F-FD10-471A-B499-FFC121211143,https://lda.senate.gov/filings/public/filing/3f85335f-fd10-471a-b499-ffc121211143/print/,,RELX,RELX INC,"BROWNSTEIN HYATT FARBER SCHRECK, LLP",FALSE,FOURTH QUARTER REPORT,4th Quarter (Oct 1 - Dec 31),50000.0
813FE3B8-D31F-48FD-ADE9-022C74DAD068,https://lda.senate.gov/filings/public/filing/813fe3b8-d31f-48fd-ade9-022c74dad068/print/,,RELX,RELX Inc.,Subject Matter (fka Elmendorf Ryan),FALSE,FOURTH QUARTER REPORT,4th Quarter (Oct 1 - Dec 31),60000.0
1AA7AE3E-9661-41AB-B5BF-AE6B0E768E1C,https://lda.senate.gov/filings/public/filing/1aa7ae3e-9661-41ab-b5bf-ae6b0e768e1c/print/,,RELX,RELX INC,"HEALTH POLICY SOURCE, INC.",FALSE,FOURTH QUARTER REPORT,4th Quarter (Oct 1 - Dec 31),80000.0
91D472CE-C579-449F-931B-6D9550689971,https://lda.senate.gov/filings/public/filing/91d472ce-c579-449f-931b-6d9550689971/print/,,RELX,RELX INC,RELX Inc.,TRUE,FOURTH QUARTER REPORT,4th Quarter (Oct 1 - Dec 31),470000.0
9A7D8840-AFA7-4194-BB65-C54A1748945E,https://lda.senate.gov/filings/public/filing/9a7d8840-afa7-4194-bb65-c54a1748945e/print/,,S&P GLOBAL,S&P Global,BGR Government Affairs,FALSE,FIRST QUARTER REPORT,1st Quarter (Jan 1 - Mar 31),40000.0
2BD6D155-8C04-4450-9C1D-9AF6E9C7316A,https://lda.senate.gov/filings/public/filing/2bd6d155-8c04-4450-9c1d-9af6e9c7316a/print/,,S&P GLOBAL,S&P Global Inc.,EMERGENT STRATEGIES,FALSE,FIRST QUARTER REPORT,1st Quarter (Jan 1 - Mar 31),45000.0
3CD7F7A0-AE69-48F4-BE96-7518ED3A7B20,https://lda.senate.gov/filings/public/filing/3cd7f7a0-ae69-48f4-be96-7518ed3a7b20/print/,,S&P GLOBAL,S&P Global,"Capitol Counsel, LLC",FALSE,FIRST QUARTER TERMINATION,1st Quarter (Jan 1 - Mar 31),50000.0
AA2E4530-5D4D-4A2F-A193-BC0357193768,https://lda.senate.gov/filings/public/filing/aa2e4530-5d4d-4a2f-a193-bc0357193768/print/,,S&P GLOBAL,S&P Global Inc.,Sternhell Group,FALSE,FIRST QUARTER REPORT,1st Quarter (Jan 1 - Mar 31),60000.0
4E6523A8-DBC5-41C3-B67B-57014A16552E,https://lda.senate.gov/filings/public/filing/4e6523a8-dbc5-41c3-b67b-57014a16552e/print/,,S&P GLOBAL,S&P GLOBAL,S-3 Group,FALSE,FIRST QUARTER REPORT,1st Quarter (Jan 1 - Mar 31),70000.0
16247BC5-F554-448B-9E1C-93141106472B,https://lda.senate.gov/filings/public/filing/16247bc5-f554-448b-9e1c-93141106472b/print/,,S&P GLOBAL,S&P GLOBAL INC (FORMERLY MCGRAW HILL FINANCIAL),DALY CONSULTING GROUP,FALSE,FIRST QUARTER REPORT,1st Quarter (Jan 1 - Mar 31),90000.0
7D7EC995-7AE3-49D9-9F4A-82A2A0ACE6B6,https://lda.senate.gov/filings/public/filing/7d7ec995-7ae3-49d9-9f4a-82a2a0ace6b6/print/,,S&P GLOBAL,S&P GLOBAL INC (F/K/A MCGRAW HILL FINANCIAL INC ),S&P Global Inc. (f/k/a McGraw Hill Financial Inc.),TRUE,FIRST QUARTER REPORT,1st Quarter (Jan 1 - Mar 31),468000.0
8370EA04-67DE-4437-B217-78FB39478EB8,https://lda.senate.gov/filings/public/filing/8370ea04-67de-4437-b217-78fb39478eb8/print/,,S&P GLOBAL,S&P Global Inc.,Emergent Strategies,FALSE,SECOND QUARTER REPORT,2nd Quarter (Apr 1 - June 30),45000.0
0F8B1DB1-E3E9-4336-AC15-C62C9E29D169,https://lda.senate.gov/filings/public/filing/0f8b1db1-e3e9-4336-ac15-c62c9e29d169/print/,,S&P GLOBAL,S&P Global,BGR Government Affairs,FALSE,SECOND QUARTER REPORT,2nd Quarter (Apr 1 - June 30),60000.0
650B8B82-24A4-490A-A784-C757B2C8B2D6,https://lda.senate.gov/filings/public/filing/650b8b82-24a4-490a-a784-c757b2c8b2d6/print/,,S&P GLOBAL,S&P Global Inc.,Sternhell Group,FALSE,SECOND QUARTER REPORT,2nd Quarter (Apr 1 - June 30),60000.0
AF0A020C-B442-40F7-A61D-EA17A8B4A8F8,https://lda.senate.gov/filings/public/filing/af0a020c-b442-40f7-a61d-ea17a8b4a8f8/print/,,S&P GLOBAL,S&P GLOBAL,S-3 Group,FALSE,SECOND QUARTER REPORT,2nd Quarter (Apr 1 - June 30),70000.0
E095BDEF-2D7E-484C-8D9C-0D09DF03C8A4,https://lda.senate.gov/filings/public/filing/e095bdef-2d7e-484c-8d9c-0d09df03c8a4/print/,,S&P GLOBAL,S&P GLOBAL INC (FORMERLY MCGRAW HILL FINANCIAL),DALY CONSULTING GROUP,FALSE,SECOND QUARTER REPORT,2nd Quarter (Apr 1 - June 30),90000.0
328F43D4-FAE5-4769-AB67-280778F822B4,https://lda.senate.gov/filings/public/filing/328f43d4-fae5-4769-ab67-280778f822b4/print/,,S&P GLOBAL,S&P GLOBAL INC (F/K/A MCGRAW HILL FINANCIAL INC ),S&P Global Inc. (f/k/a McGraw Hill Financial Inc.),TRUE,SECOND QUARTER REPORT,2nd Quarter (Apr 1 - June 30),408000.0
2BF21813-B0F9-43CB-A567-5A90F6611EA0,https://lda.senate.gov/filings/public/filing/2bf21813-b0f9-43cb-a567-5a90f6611ea0/print/,,S&P GLOBAL,S&P Global Inc.,Emergent Strategies,FALSE,THIRD QUARTER REPORT,3rd Quarter (July 1 - Sep 30),45000.0
6D33E3E6-AEEE-4BEE-9C05-104D8EFE4A3C,https://lda.senate.gov/filings/public/filing/6d33e3e6-aeee-4bee-9c05-104d8efe4a3c/print/,,S&P GLOBAL,S&P Global,BGR Government Affairs,FALSE,THIRD QUARTER REPORT,3rd Quarter (July 1 - Sep 30),60000.0
E479895C-2E6F-4A8C-AA2E-D20BC9314BB9,https://lda.senate.gov/filings/public/filing/e479895c-2e6f-4a8c-aa2e-d20bc9314bb9/print/,,S&P GLOBAL,S&P Global Inc.,Sternhell Group,FALSE,THIRD QUARTER REPORT,3rd Quarter (July 1 - Sep 30),60000.0
70EE3FE4-35BB-4FE5-AB75-D31C278A6431,https://lda.senate.gov/filings/public/filing/70ee3fe4-35bb-4fe5-ab75-d31c278a6431/print/,,S&P GLOBAL,S&P GLOBAL,S-3 Group,FALSE,THIRD QUARTER REPORT,3rd Quarter (July 1 - Sep 30),70000.0
42B9C153-D828-457D-946E-AB2714A560A9,https://lda.senate.gov/filings/public/filing/42b9c153-d828-457d-946e-ab2714a560a9/print/,,S&P GLOBAL,S&P GLOBAL INC (FORMERLY MCGRAW HILL FINANCIAL),DALY CONSULTING GROUP,FALSE,THIRD QUARTER REPORT,3rd Quarter (July 1 - Sep 30),90000.0
147D09AF-53B6-426D-BE93-5E221CEE90B9,https://lda.senate.gov/filings/public/filing/147d09af-53b6-426d-be93-5e221cee90b9/print/,,S&P GLOBAL,S&P GLOBAL INC (F/K/A MCGRAW HILL FINANCIAL INC ),S&P Global Inc. (f/k/a McGraw Hill Financial Inc.),TRUE,THIRD QUARTER REPORT,3rd Quarter (July 1 - Sep 30),373000.0
C0BBA22B-0D8C-43F0-91B1-CA3DE47B2E15,https://lda.senate.gov/filings/public/filing/c0bba22b-0d8c-43f0-91b1-ca3de47b2e15/print/,,S&P GLOBAL,S&P Global Inc.,Emergent Strategies,FALSE,FOURTH QUARTER REPORT,4th Quarter (Oct 1 - Dec 31),45000.0
88FDC0EE-FE90-4500-B1C7-3C4D6553DB9F,https://lda.senate.gov/filings/public/filing/88fdc0ee-fe90-4500-b1c7-3c4d6553db9f/print/,,S&P GLOBAL,S&P Global,BGR Government Affairs,FALSE,FOURTH QUARTER REPORT,4th Quarter (Oct 1 - Dec 31),60000.0
F6BA898F-FCC7-482B-B7AB-D26EE52C7690,https://lda.senate.gov/filings/public/filing/f6ba898f-fcc7-482b-b7ab-d26ee52c7690/print/,,S&P GLOBAL,S&P Global Inc.,Sternhell Group,FALSE,FOURTH QUARTER REPORT,4th Quarter (Oct 1 - Dec 31),60000.0
1BFDDAA1-23D4-4412-B914-B823276EF551,https://lda.senate.gov/filings/public/filing/1bfddaa1-23d4-4412-b914-b823276ef551/print/,,S&P GLOBAL,S&P GLOBAL INC (FORMERLY MCGRAW HILL FINANCIAL),DALY CONSULTING GROUP,FALSE,FOURTH QUARTER REPORT,4th Quarter (Oct 1 - Dec 31),90000.0
586F38DA-053B-460B-AAD2-1E3429682F38,https://lda.senate.gov/filings/public/filing/586f38da-053b-460b-aad2-1e3429682f38/print/,,S&P GLOBAL,S&P GLOBAL,S-3 Group,FALSE,FOURTH QUARTER REPORT,4th Quarter (Oct 1 - Dec 31),90000.0
DEF5FE24-05D8-44C5-A83C-F15425B4E2C7,https://lda.senate.gov/filings/public/filing/def5fe24-05d8-44c5-a83c-f15425b4e2c7/print/,,S&P GLOBAL,S&P GLOBAL INC (F/K/A MCGRAW HILL FINANCIAL INC ),S&P Global Inc. (f/k/a McGraw Hill Financial Inc.),TRUE,FOURTH QUARTER REPORT,4th Quarter (Oct 1 - Dec 31),370000.0
F2477052-A2FD-46B6-A651-020CCE17EC79,https://lda.senate.gov/filings/public/filing/f2477052-a2fd-46b6-a651-020cce17ec79/print/,,TABOOLA,"Taboola, Inc.",American Continental Group,FALSE,FIRST QUARTER REPORT,1st Quarter (Jan 1 - Mar 31),70000.0
D76EE4F7-6108-4401-A45B-CAECB02BF83C,https://lda.senate.gov/filings/public/filing/d76ee4f7-6108-4401-a45b-caecb02bf83c/print/,,TABOOLA,"Taboola, Inc.",American Continental Group,FALSE,SECOND QUARTER REPORT,2nd Quarter (Apr 1 - June 30),60000.0
15129964-FF6B-41A1-B512-6EA5E671DB76,https://lda.senate.gov/filings/public/filing/15129964-ff6b-41a1-b512-6ea5e671db76/print/,,TABOOLA,"Taboola, Inc.",American Continental Group,FALSE,THIRD QUARTER TERMINATION,3rd Quarter (July 1 - Sep 30),40000.0
4D88DC4B-E50F-46EA-B029-14CE853D9584,https://lda.senate.gov/filings/public/filing/4d88dc4b-e50f-46ea-b029-14ce853d9584/print/,,TRANSUNION,Transunion,The Williams Group,FALSE,FIRST QUARTER REPORT,1st Quarter (Jan 1 - Mar 31),11250.0
F030A915-6C4B-496D-8EE4-920D259E6BA7,https://lda.senate.gov/filings/public/filing/f030a915-6c4b-496d-8ee4-920d259e6ba7/print/,,TRANSUNION,TransUnion,GrayRobinson PA,FALSE,FIRST QUARTER REPORT,1st Quarter (Jan 1 - Mar 31),60000.0
0C38E170-E35E-43FB-9BFF-2726AAA4137E,https://lda.senate.gov/filings/public/filing/0c38e170-e35e-43fb-9bff-2726aaa4137e/print/,,TRANSUNION,TRANS UNION LLC,TRANS UNION LLC,TRUE,FIRST QUARTER REPORT,1st Quarter (Jan 1 - Mar 31),260000.0
1BC9CE1B-F968-42AC-84A6-1A6A7C2880DA,https://lda.senate.gov/filings/public/filing/1bc9ce1b-f968-42ac-84a6-1a6a7c2880da/print/,,TRANSUNION,Transunion,The Williams Group,FALSE,SECOND QUARTER REPORT,2nd Quarter (Apr 1 - June 30),11250.0
FD61B1A8-CEFE-4C83-BB59-AF61AF8F3AE8,https://lda.senate.gov/filings/public/filing/fd61b1a8-cefe-4c83-bb59-af61af8f3ae8/print/,,TRANSUNION,TransUnion,GrayRobinson PA,FALSE,SECOND QUARTER TERMINATION,2nd Quarter (Apr 1 - June 30),40000.0
2065F72D-FF42-462E-AAC6-49865E3A0BB6,https://lda.senate.gov/filings/public/filing/2065f72d-ff42-462e-aac6-49865e3a0bb6/print/,,TRANSUNION,TransUnion,AKIN GUMP STRAUSS HAUER & FELD,FALSE,SECOND QUARTER REPORT,2nd Quarter (Apr 1 - June 30),40000.0
0E5EC955-4365-4CE9-BD79-240342470D78,https://lda.senate.gov/filings/public/filing/0e5ec955-4365-4ce9-bd79-240342470d78/print/,,TRANSUNION,TRANS UNION LLC,"Crossroads Strategies, LLC",FALSE,SECOND QUARTER REPORT,2nd Quarter (Apr 1 - June 30),50000.0
77D5436E-AB16-43F0-B58A-69BB24B4F2A4,https://lda.senate.gov/filings/public/filing/77d5436e-ab16-43f0-b58a-69bb24b4f2a4/print/,,TRANSUNION,TransUnion,Subject Matter (fka Elmendorf Ryan),FALSE,SECOND QUARTER REPORT,2nd Quarter (Apr 1 - June 30),60000.0
F303D3AE-F170-4CEF-BBCB-DF2E94A7CB1A,https://lda.senate.gov/filings/public/filing/f303d3ae-f170-4cef-bbcb-df2e94a7cb1a/print/,,TRANSUNION,TRANS UNION LLC,TRANS UNION LLC,TRUE,SECOND QUARTER REPORT,2nd Quarter (Apr 1 - June 30),440000.0
4D411F94-2034-4341-9F11-24B91E3F3080,https://lda.senate.gov/filings/public/filing/4d411f94-2034-4341-9f11-24b91e3f3080/print/,,TRANSUNION,Transunion,The Williams Group,FALSE,THIRD QUARTER REPORT,3rd Quarter (July 1 - Sep 30),11250.0
9AE35246-2F13-4D3D-AD9B-02005A49107C,https://lda.senate.gov/filings/public/filing/9ae35246-2f13-4d3d-ad9b-02005a49107c/print/,,TRANSUNION,TransUnion,AKIN GUMP STRAUSS HAUER & FELD,FALSE,THIRD QUARTER REPORT,3rd Quarter (July 1 - Sep 30),50000.0
CA974E4A-BB2A-4DB4-BD4E-DA30E9BF45FE,https://lda.senate.gov/filings/public/filing/ca974e4a-bb2a-4db4-bd4e-da30e9bf45fe/print/,,TRANSUNION,TRANS UNION LLC,"Crossroads Strategies, LLC",FALSE,THIRD QUARTER REPORT,3rd Quarter (July 1 - Sep 30),50000.0
46A79980-1EDC-408C-969B-839E6E709561,https://lda.senate.gov/filings/public/filing/46a79980-1edc-408c-969b-839e6e709561/print/,,TRANSUNION,TransUnion,Subject Matter (fka Elmendorf Ryan),FALSE,THIRD QUARTER REPORT,3rd Quarter (July 1 - Sep 30),60000.0
E1397ECF-998F-4FF4-ADBC-69B997EE5591,https://lda.senate.gov/filings/public/filing/e1397ecf-998f-4ff4-adbc-69b997ee5591/print/,,TRANSUNION,TRANS UNION LLC,TRANS UNION LLC,TRUE,THIRD QUARTER REPORT,3rd Quarter (July 1 - Sep 30),360000.0
CD2AC1D3-F5DC-4E03-B71A-A752A7594052,https://lda.senate.gov/filings/public/filing/cd2ac1d3-f5dc-4e03-b71a-a752a7594052/print/,,TRANSUNION,Transunion,The Williams Group,FALSE,FOURTH QUARTER REPORT,4th Quarter (Oct 1 - Dec 31),11250.0
56D6C5FA-E818-4BFD-865B-AC57D4AA619B,https://lda.senate.gov/filings/public/filing/56d6c5fa-e818-4bfd-865b-ac57d4aa619b/print/,,TRANSUNION,TRANS UNION LLC,"Crossroads Strategies, LLC",FALSE,FOURTH QUARTER REPORT,4th Quarter (Oct 1 - Dec 31),50000.0
4E17338D-9DD7-4B91-8041-9D95786D65AD,https://lda.senate.gov/filings/public/filing/4e17338d-9dd7-4b91-8041-9d95786d65ad/print/,,TRANSUNION,TransUnion,"Akin, Gump, Strauss, Hauer & Feld",FALSE,FOURTH QUARTER REPORT,4th Quarter (Oct 1 - Dec 31),50000.0
285C9DF5-8104-4737-8516-0CB0878558B2,https://lda.senate.gov/filings/public/filing/285c9df5-8104-4737-8516-0cb0878558b2/print/,,TRANSUNION,TransUnion,Subject Matter (fka Elmendorf Ryan),FALSE,FOURTH QUARTER REPORT,4th Quarter (Oct 1 - Dec 31),60000.0
5C2073C3-415A-4B74-9123-F962395DA335,https://lda.senate.gov/filings/public/filing/5c2073c3-415a-4b74-9123-f962395da335/print/,,TRANSUNION,TRANS UNION LLC,TRANS UNION LLC,TRUE,FOURTH QUARTER REPORT,4th Quarter (Oct 1 - Dec 31),290000.0
00061EAE-D2E6-4AE1-9E3A-83BAB31F96E7,https://lda.senate.gov/filings/public/filing/00061eae-d2e6-4ae1-9e3a-83bab31f96e7/print/,,VENNTEL,"Venntel, Inc.","ALPINE GROUP PARTNERS, LLC.",FALSE,THIRD QUARTER REPORT,3rd Quarter (July 1 - Sep 30),80000.0
616E45ED-F920-45C6-B4AB-165734C9E2F6,https://lda.senate.gov/filings/public/filing/616e45ed-f920-45c6-b4ab-165734c9e2f6/print/,,VENNTEL,"Venntel, Inc.","ALPINE GROUP PARTNERS, LLC.",FALSE,FOURTH QUARTER REPORT,4th Quarter (Oct 1 - Dec 31),80000.0
00266EB8-5604-4302-B091-0D129848F477,https://lda.senate.gov/filings/public/filing/00266eb8-5604-4302-b091-0d129848f477/print/,,X-MODE,"X-Mode, Inc.","Franklin Square Group, LLC",FALSE,FOURTH QUARTER TERMINATION,4th Quarter (Oct 1 - Dec 31),30000.0
B06486BD-2790-46CE-A533-FE20D527D761,https://lda.senate.gov/filings/public/filing/b06486bd-2790-46ce-a533-fe20d527d761/print/,,ZETA GLOBAL,Zeta Global,BALLARD PARTNERS,FALSE,SECOND QUARTER REPORT,2nd Quarter (Apr 1 - June 30),50000.0
AC9179F2-3652-47CC-83BF-6F121CED6953,https://lda.senate.gov/filings/public/filing/ac9179f2-3652-47cc-83bf-6f121ced6953/print/,,ZETA GLOBAL,Zeta Global,BALLARD PARTNERS,FALSE,THIRD QUARTER REPORT,3rd Quarter (July 1 - Sep 30),50000.0
3C542DB2-735F-446C-9EA8-BAF6EF80F972,https://lda.senate.gov/filings/public/filing/3c542db2-735f-446c-9ea8-baf6ef80f972/print/,,ZETA GLOBAL,Zeta Global,BALLARD PARTNERS,FALSE,FOURTH QUARTER REPORT,4th Quarter (Oct 1 - Dec 31),50000.0
